{
  "type": "FeatureCollection",
  "features": [
    {
      "type": "Feature",
      "geometry": {
        "type": "Point",
        "coordinates": [
          81.8556,
          25.4618
        ]
      },
      "properties": {
        "slug": "meerganj",
        "district": "Prayagraj (Allahabad)",
        "area_name": "Meerganj",
        "type": "Formal district - historic",
        "reliability": "high",
        "source": "Guria / Freedom Firm / Allahabad HC 2016-17 / Wikipedia",
        "source_url": "https://guriaindia.org",
        "last_updated": "2024-05",
        "last_verified": "2024-05 via Guria conviction records + news",
        "story": "UP's most documented red-light area. In 2015-17, NGO Guria's PIL led to 61 brothels being seized and 136 victims rescued from Meerganj; 41 traffickers later convicted to 10-14 years. The Allahabad High Court ordered the area shifted in 2016 after a social worker's petition, but most workers returned. Madrasi Gali, Satya Gali and Pahadi Gali are its known lanes.",
        "notes": "District centroid only. No building-level pin."
      }
    },
    {
      "type": "Feature",
      "geometry": {
        "type": "Point",
        "coordinates": [
          82.9876,
          25.3176
        ]
      },
      "properties": {
        "slug": "shivdaspur",
        "district": "Varanasi",
        "area_name": "Shivdaspur (ex-Dalmandi)",
        "type": "Formal district - shifted from Dalmandi",
        "reliability": "high",
        "source": "Wikipedia Shivdaspur + Guria Varanasi centre",
        "source_url": "https://en.wikipedia.org/wiki/Shivdaspur",
        "last_updated": "2024-05",
        "last_verified": "2024-05 via Wikipedia + Guria centre reports",
        "story": "Varanasi's red-light area since the 1970s, when Dalmandi near Kashi Vishwanath temple was closed and workers moved to this periphery settlement between Lahartara and Manduadih. Declining as customer numbers fall. NGO Guria runs an education centre here for children of sex workers - declared India's first 'child prostitution free' red-light area; a National Defence College delegation visited in 2018.",
        "notes": "District centroid only."
      }
    },
    {
      "type": "Feature",
      "geometry": {
        "type": "Point",
        "coordinates": [
          77.7064,
          28.9845
        ]
      },
      "properties": {
        "slug": "kabadi-bazar",
        "district": "Meerut",
        "area_name": "Kabadi Bazar",
        "type": "Formal district - old city market",
        "reliability": "high",
        "source": "Sage Journal 2455632720915320 + Sankalp NGO Meerut (1997)",
        "source_url": "https://journals.sagepub.com/doi/full/10.1177/2455632720915320",
        "last_updated": "2024-05",
        "last_verified": "2024-05 via academic photo-essay + NGO records",
        "story": "A working junk-and-spice market in Meerut's old city where sex work has coexisted with trade for generations - documented in a 2020 Sage journal photo-essay. Activist Atul Sharma, who grew up nearby, has rescued hundreds of girls from these brothels since 1996. NGO Sankalp Shiksha Prasar Samiti has run a school for children of sex workers in this area since 1997.",
        "notes": "District centroid only. Market area, not specific building."
      }
    },
    {
      "type": "Feature",
      "geometry": {
        "type": "Point",
        "coordinates": [
          80.05,
          27.38
        ]
      },
      "properties": {
        "slug": "natpurwa",
        "district": "Hardoi",
        "area_name": "Natpurwa village",
        "type": "Hereditary village - Nat community",
        "reliability": "high",
        "source": "Al Jazeera 2013 + The Hindu 2013 + Asha for Education Project 350",
        "source_url": "https://www.aljazeera.com/features/2013/1/19/nat-purwa-where-prostitution-is-a-tradition",
        "last_updated": "2024-05",
        "last_verified": "2024-05 via Al Jazeera + The Hindu features",
        "story": "A village of ~5000 in Hardoi district, 70km from Lucknow, where the Nat community's women have practised hereditary sex work for ~400 years - a survival strategy after the British Criminal Tribes Act 1871 destroyed their traditional performer livelihood. Estimates suggest over 70% of women were involved at peak. Former worker Chandralekha now runs self-help groups here; Asha for Education funded a village school. Not a city brothel district - a documented case of community-based traditional practice.",
        "notes": "Village centroid only. Sensitive - mapped at district level deliberately."
      }
    },
    {
      "type": "Feature",
      "geometry": {
        "type": "Point",
        "coordinates": [
          80.9462,
          26.8467
        ]
      },
      "properties": {
        "slug": "lucknow",
        "district": "Lucknow",
        "area_name": "Chawal wali gali + dispersed hotspots",
        "type": "Dispersed hotspot - no single formal district",
        "reliability": "high for Chawal wali gali, medium for dispersed",
        "source": "SocialNews XYZ 2024 + Aazadi Foundation/UPNSW + CREATE India (UPSACS TI)",
        "source_url": "https://www.socialnews.xyz/2024/05/06/everyone-wants-votes-but-no-one-wants-to-campaign-in-red-light-areas-of-up/",
        "last_updated": "2024-05",
        "last_verified": "2024-05 via UPNSW union reporting",
        "story": "Lucknow has no GB Road-style\u96c6\u4e2d brothel quarter. The old city's 'Chawal wali gali' is the historic core - lanes of intergenerational sex work that politicians never campaign in. Sex workers are otherwise dispersed near Charbagh station, Chowk, Hazratganj, Daliganj, Rajajipuram and Nishatganj. In 2024 workers formed the Uttar Pradesh Network of Sex Workers (UPNSW), officially recognised in June, to unionise and fight for dignity and schemes.",
        "notes": "District centroid only. Dispersed street-based presence per UPNSW."
      }
    },
    {
      "type": "Feature",
      "geometry": {
        "type": "Point",
        "coordinates": [
          80.3319,
          26.4499
        ]
      },
      "properties": {
        "slug": "kanpur",
        "district": "Kanpur Nagar",
        "area_name": "Becon Ganj / Bada Bazaar",
        "type": "Historic core - now dispersed",
        "reliability": "medium",
        "source": "Becon Ganj Wikipedia + Freedom Firm district list + local media",
        "source_url": "https://en.wikipedia.org/wiki/Becon_Ganj",
        "last_updated": "2024-05",
        "last_verified": "2024-05 via Freedom Firm rescue records",
        "story": "Kanpur's historic red-light core sits in Becon Ganj and Bada Bazaar - among the oldest parts of the leather city, where several generations of sex workers have lived and worked. Anti-trafficking NGO Freedom Firm lists Kanpur Nagar among its active intervention districts; rescues of minors from these brothels are on record. Street-based solicitation also reported around Nayaganj and Kakadeo, though those are unverified commercial-directory claims.",
        "notes": "District centroid only. Historic core verified; other zones unverified."
      }
    },
    {
      "type": "Feature",
      "geometry": {
        "type": "Point",
        "coordinates": [
          81.19,
          26.93
        ]
      },
      "properties": {
        "slug": "safedabad",
        "district": "Barabanki",
        "area_name": "Safedabad",
        "type": "Highway hotspot",
        "reliability": "medium",
        "source": "SocialNews XYZ election coverage 2024",
        "source_url": "https://www.socialnews.xyz/2024/05/06/everyone-wants-votes-but-no-one-wants-to-campaign-in-red-light-areas-of-up/",
        "last_updated": "2024-05",
        "last_verified": "2024-05 via election reporting",
        "story": "A qasba in Barabanki district whose red-light area is locally known as a Samajwadi Party stronghold - one of the few recorded cases where sex workers' votes are courted but candidates refuse to campaign in person. Documented in May 2024 election coverage of UP's neglected red-light areas.",
        "notes": "Town centroid only."
      }
    },
    {
      "type": "Feature",
      "geometry": {
        "type": "Point",
        "coordinates": [
          78.755,
          28.83
        ]
      },
      "properties": {
        "slug": "navabpura",
        "district": "Moradabad",
        "area_name": "Navabpura",
        "type": "Intervention site - Freedom Firm",
        "reliability": "medium",
        "source": "Freedom Firm Annual Report 2016-17 + KSS NGO TI",
        "source_url": "https://www.freedom.firm.in/wp-content/uploads/2020/06/FFannualreport16-17web.pdf",
        "last_updated": "2024-05",
        "last_verified": "2024-05 via Freedom Firm annual report",
        "story": "Listed by anti-trafficking NGO Freedom Firm as one of its Uttar Pradesh raid/intervention sites in its 2016-17 annual report. Moradabad also hosts Kartik Shikshan Sansthan's UPSACS-funded Targeted Intervention working with FSWs and IDUs across several locations of the brass city.",
        "notes": "Area centroid only."
      }
    },
    {
      "type": "Feature",
      "geometry": {
        "type": "Point",
        "coordinates": [
          77.545,
          29.968
        ]
      },
      "properties": {
        "slug": "saharanpur-nakhasa",
        "district": "Saharanpur",
        "area_name": "Nakhasa Bazar / Nakkasa Market",
        "type": "Formal market - historic",
        "reliability": "high",
        "source": "High Court PIL Sunil Chaudhary 2019 + Amar Ujala + Live Hindustan survey order",
        "source_url": "https://www.livehindustan.com/uttar-pradesh/saharanpur/story-surveillance-on-radlight-area-in-saharanpur-2577127.html",
        "last_updated": "2019-06",
        "last_verified": "2019-06 via High Court order to SSP/DM Saharanpur",
        "story": "Purana Shahar's main bazaar where the High Court, on advocate Sunil Chaudhary's PIL after Meerut Kabadi Bazar, ordered the district magistrate and SSP to survey and close the Nakhasa Bazar deh vyapar. The supplementary affidavit and rehabilitation officer's letter to Meerut-Saharapur mandate prove a long-standing kotha cluster in the old city.",
        "notes": "Market centroid only. High Court-ordered closure, not specific building."
      }
    },
    {
      "type": "Feature",
      "geometry": {
        "type": "Point",
        "coordinates": [
          78.008,
          27.18
        ]
      },
      "properties": {
        "slug": "agra-kashmiri-bazar",
        "district": "Agra",
        "area_name": "Kashmiri Bazar / Basai village (22 kothas)",
        "type": "Formal bazaar - historic core, now dispersed",
        "reliability": "high",
        "source": "TOI 2015 21-girl rescue Kashmiri Bazaar + Jagran/InextLive 2019 raid 32 women + Agra Bharat analysis",
        "source_url": "https://timesofindia.indiatimes.com/india/daring-rescue-of-21-girls-from-kashmir-bazaar/articleshow/48345633.cms",
        "last_updated": "2019-08",
        "last_verified": "2019-08 via 32-women/11-customer police raid",
        "story": "Agra's Mughal-era bazaar between Mal ka Bazar and Taj Ganj, where Nepali, Bedia, Bengali and Bangladeshi women worked from high balconies in 8x8 wooden cubicles. A 2015 Navi Mumbai police rescue recovered 21 girls sold for Rs2-3 lakh. In 2019 a joint raid found 32 women and 11 customers despite police records claiming closure. Now largely dispersed to hotels on Fatehabad Road and former village Basai.",
        "notes": "Bazaar centroid only. 22 kothas historically."
      }
    },
    {
      "type": "Feature",
      "geometry": {
        "type": "Point",
        "coordinates": [
          78.08,
          27.88
        ]
      },
      "properties": {
        "slug": "aligarh-madar-gate",
        "district": "Aligarh",
        "area_name": "Madar Gate - Jeewan Gali / Sarai Kalan",
        "type": "Formal gate-mohalla - historic",
        "reliability": "high",
        "source": "Live Hindustan 2023-09-02 Madar Gate + Outlook Hindi 2015 field",
        "source_url": "https://www.livehindustan.com/uttar-pradesh/story-up-aligarh-red-light-area-madar-gate-now-business-areas-for-sex-workers-8656270.html",
        "last_updated": "2023-09",
        "last_verified": "2023-09 via field + historian Dr Vedvati Rathi",
        "story": "Inside the old city's Madar Gate - built as Rangmahal for Raja Man Singh in 1804 - British-era mujra lanes Jeewan Wali Gali, Sarai Kalan and Tamoli Para remain active evenings. Historian Rathi traces its courtesan history to 1787 Sindhia era. A 2015 Outlook walk found rates Rs100-300 and 'viraasat maa se' narratives persisting alongside hardware shops.",
        "notes": "Gate-mohalla centroid only."
      }
    },
    {
      "type": "Feature",
      "geometry": {
        "type": "Point",
        "coordinates": [
          78.39,
          27.15
        ]
      },
      "properties": {
        "slug": "firozabad-badnaam-gali",
        "district": "Firozabad",
        "area_name": "Badnaam Gali - 42 houses",
        "type": "Formal gali - historic",
        "reliability": "high",
        "source": "Jagran 2025-02 Firozabad brothel sealed residents migrate",
        "source_url": "https://www.jagran.com/uttar-pradesh/firozabad-firozabad-brothel-sealed-residents-migrate-from-badnam-gali-40074460.html",
        "last_updated": "2025-02",
        "last_verified": "2025-02 via seal after hostage complaint",
        "story": "42-house gali sealed in Feb 2015 after a girl's hostage complaint led to 7 houses sealed and 20 locked as residents migrated to Mumbai. With 200+ voters missing during the SIR survey, locals now petition to rename the lane.",
        "notes": "Gali centroid only. 42 houses reported."
      }
    },
    {
      "type": "Feature",
      "geometry": {
        "type": "Point",
        "coordinates": [
          83.58,
          25.58
        ]
      },
      "properties": {
        "slug": "ghazipur-basuka",
        "district": "Ghazipur",
        "area_name": "Basuka / Basureka Tawaif village",
        "type": "Hereditary village - Nat/Muslim + Bhumihar",
        "reliability": "medium",
        "source": "Bhaskar DB Original 2023 Ghazipur tawaif village",
        "source_url": "https://www.bhaskar.com/db-original/news/uttar-pradesh-ghazipur-tawaif-village-story-131016936.html",
        "last_updated": "2023-03",
        "last_verified": "2023-03 via village field 50-60 houses",
        "story": "A 15,000-population village near Ghazipur with 50-60 houses of women engaged in naach-gaana as livelihood - similar to Hardoi's Natpurwa. Mixed Nat-Muslim and Bhumihar community, termed 'meetthka gaon', with 50+ police cases linked to disputes over the practice.",
        "notes": "Village centroid only. Community-sanctioned, not a city kotha."
      }
    },
    {
      "type": "Feature",
      "geometry": {
        "type": "Point",
        "coordinates": [
          81.59,
          27.57
        ]
      },
      "properties": {
        "slug": "bahraich-wazirbag",
        "district": "Bahraich",
        "area_name": "Wazirbag / Wazirganj Mohalla",
        "type": "Mohalla - dispersed",
        "reliability": "medium",
        "source": "Bhaskar Digital 2026-05-04 + Bhaskar 2026 raid",
        "source_url": "https://bhaskardigital.com/bahraich-prostitution-racket-busted-in-wazir/",
        "last_updated": "2026-05",
        "last_verified": "2026-05 via Kotwali Nagar ITPA 3/4/5/6 raid",
        "story": "Kotwali Nagar mohalla where a house of Raghunath Prasad was raided; 3 arrested under ITPA 3/4/5/6, Rs3400 and objectionable material seized. Locals had locked the house from outside after long-running complaints.",
        "notes": "Mohalla centroid only. Dispersed, not classic 20+ kotha cluster."
      }
    },
    {
      "type": "Feature",
      "geometry": {
        "type": "Point",
        "coordinates": [
          83.37,
          26.75
        ]
      },
      "properties": {
        "slug": "gorakhpur-nh28",
        "district": "Gorakhpur",
        "area_name": "NH-28 Madapar - Zero Point (Lucknow Bypass)",
        "type": "Highway hotel belt - dispersed, not classic RLA",
        "reliability": "medium-high",
        "source": "Dynamite News Hindi 2025-07-14 + Bhaskar MLA Sarvan Nishad letter + Jagran Fly-In Hotel seal",
        "source_url": "https://hindi.dynamitenews.com/uttar-pradesh/prostitution-racket-in-gorakhpur-red-light-area-built-on-nh-28-villagers-created-ruckus",
        "last_updated": "2025-07",
        "last_verified": "2025-07 via Gram Pradhan protest + MLA letter to DM/SSP",
        "story": "Not a historic bazaar but a newly labelled 'red light area built' - a 2-dozen hotel/dhaba strip on the Lucknow bypass from Madapar to Zero Point near AIIMS. Villagers' panchayat and BJP MLA Sarvan Nishad's letter to the Commissioner allege open trafficking of minors in these hotels - leading to repeated seals like Hotel Fly-In, Krishna Inn and Sai Grand.",
        "notes": "Highway-belt centroid only. Modern dispersed pattern, tagged as claimed red light area."
      }
    },
    {
      "type": "Feature",
      "geometry": {
        "type": "Point",
        "coordinates": [
          79.42,
          28.36
        ]
      },
      "properties": {
        "slug": "bareilly-satellite",
        "district": "Bareilly",
        "area_name": "Satellite - Bisalpur Chauraha street + BakarGanj",
        "type": "Dispersed street + hotel - modern",
        "reliability": "medium",
        "source": "Live Hindustan 2018 Satellite-Bisalpur + Live Hindustan 2026 BakarGanj Rs500-1000/hr WhatsApp bust",
        "source_url": "https://www.livehindustan.com/national/story-up-prostitution-market-is-open-every-evening-in-bareilly-know-what-is-the-matter-2297145.html",
        "last_updated": "2026-03",
        "last_verified": "2026-03 via BakarGanj ITPA house raid",
        "story": "No historic kotha cluster like Meerut. Instead Bareilly's evening street trade from Satellite bus stand to Bisalpur Chauraha (kinnar/girls on buses) and WhatsApp-booked houses in BakarGanj (Rs500-1000/hr). Reflects UP's shift from bazaar kothas to dispersed street/hotel pattern.",
        "notes": "Street-hotel centroid only. Dispersed pattern, not 50+ kotha bazaar."
      }
    },
    {
      "type": "Feature",
      "geometry": {
        "type": "Point",
        "coordinates": [
          77.7,
          29.47
        ]
      },
      "properties": {
        "slug": "muzaffarnagar-pachenda",
        "district": "Muzaffarnagar",
        "area_name": "Pachenda Road OYO / Mahavir Chowk spa",
        "type": "Hotel/spa belt - dispersed",
        "reliability": "medium",
        "source": "Bhaskar + Dynamite Jan 2026 Pachenda Road 5 couples + minor caught",
        "source_url": "https://www.bhaskar.com/local/uttar-pradesh/muzaffarnagar/news/muzaffarnagar-pachanda-road-sex-trade-raid-minors-caught-137085982.html",
        "last_updated": "2026-01",
        "last_verified": "2026-01 via Pachenda Road OYO raid",
        "story": "Muzaffarnagar has no Wikipedia-listed bazaar kotha. Pattern is NH-58 and Pachenda Road OYOs (Rose Inn) and Mahavir Chowk spas raided with couples and a minor. Highway motel belt, not a historic bazaar.",
        "notes": "Hotel-belt centroid only. Modern dispersed."
      }
    },
    {
      "type": "Feature",
      "geometry": {
        "type": "Point",
        "coordinates": [
          77.32,
          28.64
        ]
      },
      "properties": {
        "slug": "ghaziabad-kaushambi",
        "district": "Ghaziabad",
        "area_name": "Kaushambi Sarovar Portico / Vaishali Sec-4 / Kala Patthar",
        "type": "Hotel/complex + underpass - dispersed",
        "reliability": "medium",
        "source": "Jagran Aug 2025/ Feb 2026 Kaushambi 11 women + Zee Aug 2025 Vaishali 23 women + TOI 2016 Kala Patthar underpass",
        "source_url": "https://www.jagran.com/uttar-pradesh/ghaziabad-deh-vyapar-racket-busted-in-kaushambi-hotel-11-women-rescuing-in-ghaziabad-40139286.html",
        "last_updated": "2026-02",
        "last_verified": "2026-02 via Kaushambi hotel drug + sex raid",
        "story": "NCR spillover, not a classic bazaar. Kaushambi Sarovar Portico Hotel (11 women + drugs), Vaishali Sec-4 commercial complex 3rd floor (23 women), and Kala Patthar underpass open-air brothel near Gaur Green City (Indrapuram). All TOI/Jagran/Zee documented.",
        "notes": "NCR hotel/complex belt centroid only."
      }
    },
    {
      "type": "Feature",
      "geometry": {
        "type": "Point",
        "coordinates": [
          77.68,
          27.5
        ]
      },
      "properties": {
        "slug": "mathura-yamuna",
        "district": "Mathura",
        "area_name": "Yamuna Expressway Raya Cut / Krishna Nagar spa",
        "type": "Highway hotel + spa - dispersed",
        "reliability": "medium",
        "source": "TOI Aug 2025 spa 15 rescued + Zee Aug 2026 Yamuna Expressway 6 girls 13 youth",
        "source_url": "https://timesofindia.indiatimes.com/city/agra/mathura-police-bust-sex-trafficking-racket-at-2-spa-centres-4-held/articleshow/123475974.cms",
        "last_updated": "2025-08",
        "last_verified": "2025-08 via two spa centres sealed",
        "story": "Mathura's modern pattern mirrors Agra's dispersal: Krishna Nagar Blossom/Heaven spas in city and Yamuna Expressway Raya Cut hotels (Royal, New Sawariya Guest House) raided with 6 girls and 13 youth. Also Chhata Kotwali dhabas on highway.",
        "notes": "Highway-spa belt centroid only."
      }
    },
    {
      "type": "Feature",
      "geometry": {
        "type": "Point",
        "coordinates": [
          82.13,
          26.79
        ]
      },
      "properties": {
        "slug": "ayodhya-khirgali",
        "district": "Ayodhya",
        "area_name": "Khir Gali Rani Sati Guest House (Fatehganj)",
        "type": "Guest-house hotspot - dispersed",
        "reliability": "medium",
        "source": "Jagran Apr 2026 guest-house license cancelled after 2025 raid",
        "source_url": "https://www.jagran.com/uttar-pradesh/ayodhya-guest-house-license-cancelled-after-prostitution-bust-in-ayodhya-24056393.html",
        "last_updated": "2026-04",
        "last_verified": "2026-04 via license cancellation after 11-women raid 500m from chowki",
        "story": "Guest house 500m from Fatehganj Chowki raided 19 Sep 2025, 11 women rescued, licence cancelled and premises sealed. Residents said the house had run for years. Part of Ayodhya's spa/guest-house dispersal.",
        "notes": "Guest-house lane centroid only."
      }
    },
    {
      "type": "Feature",
      "geometry": {
        "type": "Point",
        "coordinates": [
          82.74,
          26.78
        ]
      },
      "properties": {
        "slug": "basti-station",
        "district": "Basti",
        "area_name": "Purani Basti Station Road 3rd floor",
        "type": "Station-road building - dispersed",
        "reliability": "medium",
        "source": "ABP Live Jun 2026 Basti 5 women 11 men + Patrika Jan 2026 14 women 4 spas",
        "source_url": "https://www.abplive.com/states/up-uk/basti-police-have-busted-a-prostitution-racket-operating-under-spa-center-girl-and-men-arrested-ann-3144403",
        "last_updated": "2026-06",
        "last_verified": "2026-06 via Station Road 3rd floor AHTU raid",
        "story": "Purani Basti's Station Road 3rd floor building (Malviya Road/Roadways axis) raided with 5 women 11 men, plus a January AHTU sweep of 4 spas netting 14 women. Also GC Palace Badharkhurd and Madhwapur toll plaza houses.",
        "notes": "Station-road building centroid only."
      }
    },
    {
      "type": "Feature",
      "geometry": {
        "type": "Point",
        "coordinates": [
          82.95,
          26.06
        ]
      },
      "properties": {
        "slug": "azamgarh-kaptanganj",
        "district": "Azamgarh",
        "area_name": "Radha Family Restaurant, Maharajganj Road Kaptanganj",
        "type": "Restaurant/hotel hotspot - dispersed",
        "reliability": "medium",
        "source": "NewsTrack Dec 2025 Azamgarh 9 arrested IGRS complaint",
        "source_url": "https://newstrack.com/uttar-pradesh/azamgarh-police-raid-radha-family-restaurant-kaptanganj-sex-racket-busted-9-arrested-565026",
        "last_updated": "2025-12",
        "last_verified": "2025-12 via Radha Family Restaurant IGRS-triggered raid",
        "story": "Maharajganj Road restaurant raided after an IGRS online complaint: 5 men, 4 women, Rs1980 and condoms seized; owner Sarvesh Kumar Maurya held. Example of the restaurant-lodge dispersal replacing any single bazaar.",
        "notes": "Restaurant centroid only."
      }
    },
    {
      "type": "Feature",
      "geometry": {
        "type": "Point",
        "coordinates": [
          83.55,
          25.93
        ]
      },
      "properties": {
        "slug": "mau-roadways",
        "district": "Mau",
        "area_name": "Hotel near Roadways / Sahadatpura",
        "type": "Bus-stand hotel - dispersed",
        "reliability": "medium",
        "source": "TOI May 28 2023 Mau-Jaunpur hotel clampdown 14 women 16 men",
        "source_url": "https://timesofindia.indiatimes.com/city/varanasi/police-raid-mau-jaunpur-hotels-clamp-down-on-sex-trade/articleshow/100561862.cms",
        "last_updated": "2023-05",
        "last_verified": "2023-05 via repeat raid Dec 31 2022 + May 2023 same hotel",
        "story": "Roadways/Sahadatpura-area hotels in Mau raided twice (Dec 2022 and May 2023) with 14 women 16 men. Pattern mirrors neighbouring Jaunpur and Ghazipur - small hotels near the bus stand.",
        "notes": "Bus-stand hotel centroid only."
      }
    },
    {
      "type": "Feature",
      "geometry": {
        "type": "Point",
        "coordinates": [
          82.68,
          25.73
        ]
      },
      "properties": {
        "slug": "jaunpur-olandganj",
        "district": "Jaunpur",
        "area_name": "Olandganj hotel (Dharmapur road)",
        "type": "Hotel hotspot - dispersed",
        "reliability": "medium",
        "source": "TOI May 2023 same Mau-Jaunpur operation 6 women 2 men",
        "source_url": "https://timesofindia.indiatimes.com/city/varanasi/police-raid-mau-jaunpur-hotels-clamp-down-on-sex-trade/articleshow/100561862.cms",
        "last_updated": "2023-05",
        "last_verified": "2023-05 via Olandganj hotel Rs500/room raid",
        "story": "Olandganj hotel in Jaunpur city, run by a Dharmapur (Mau) owner, raided with 6 women and manager Mahesh Yadav; Rs500 per room was the rate, a woman procurer fled. Paired with the Mau raids that week.",
        "notes": "Hotel centroid only."
      }
    },
    {
      "type": "Feature",
      "geometry": {
        "type": "Point",
        "coordinates": [
          78.329875,
          28.8178125
        ]
      },
      "properties": {
        "slug": "amroha-generic",
        "district": "Amroha",
        "area_name": "Hotels / spas near highway / bus stand (generic pattern)",
        "type": "Dispersed hotel/spa - low evidence",
        "reliability": "low",
        "source": "Generic OYO/hotel/spa raid pattern - systematic Hindi+English search found no historic bazaar, no PIL, no NGO record",
        "source_url": "https://hi.wikipedia.org/wiki/%E0%A4%B0%E0%A5%87%E0%A4%A1_%E0%A4%B2%E0%A4%BE%E0%A4%87%E0%A4%9F_%E0%A4%8F%E0%A4%B0%E0%A4%BF%E0%A4%AF%E0%A4%BE",
        "last_updated": "2026-08",
        "last_verified": "2026-08 via systematic search - negative for historic kotha",
        "story": "Systematic search across Hindi and English news, High Court PILs, NGO reports and Wikipedia for this district returned no historic kotha bazaar or hereditary village. The only pattern in recent years is scattered hotel/spa OYO raids that local news sometimes labels as 'red light area' - the same dispersed pattern seen across UP after classic bazaars declined. This point is mapped as low-evidence generic hotel/spa belt at district centroid to show that dispersal, not a verified bazaar.",
        "notes": "District centroid only. Low evidence - generic pattern, not a historic bazaar. Hide via filter if you want verified only."
      }
    },
    {
      "type": "Feature",
      "geometry": {
        "type": "Point",
        "coordinates": [
          77.94445454545455,
          28.718727272727275
        ]
      },
      "properties": {
        "slug": "hapur-generic",
        "district": "Hapur",
        "area_name": "Hotels / spas near highway / bus stand (generic pattern)",
        "type": "Dispersed hotel/spa - low evidence",
        "reliability": "low",
        "source": "Generic OYO/hotel/spa raid pattern - systematic Hindi+English search found no historic bazaar, no PIL, no NGO record",
        "source_url": "https://hi.wikipedia.org/wiki/%E0%A4%B0%E0%A5%87%E0%A4%A1_%E0%A4%B2%E0%A4%BE%E0%A4%87%E0%A4%9F_%E0%A4%8F%E0%A4%B0%E0%A4%BF%E0%A4%AF%E0%A4%BE",
        "last_updated": "2026-08",
        "last_verified": "2026-08 via systematic search - negative for historic kotha",
        "story": "Systematic search across Hindi and English news, High Court PILs, NGO reports and Wikipedia for this district returned no historic kotha bazaar or hereditary village. The only pattern in recent years is scattered hotel/spa OYO raids that local news sometimes labels as 'red light area' - the same dispersed pattern seen across UP after classic bazaars declined. This point is mapped as low-evidence generic hotel/spa belt at district centroid to show that dispersal, not a verified bazaar.",
        "notes": "District centroid only. Low evidence - generic pattern, not a historic bazaar. Hide via filter if you want verified only."
      }
    },
    {
      "type": "Feature",
      "geometry": {
        "type": "Point",
        "coordinates": [
          79.9725238095238,
          28.478238095238094
        ]
      },
      "properties": {
        "slug": "pilibhit-generic",
        "district": "Pilibhit",
        "area_name": "Hotels / spas near highway / bus stand (generic pattern)",
        "type": "Dispersed hotel/spa - low evidence",
        "reliability": "low",
        "source": "Generic OYO/hotel/spa raid pattern - systematic Hindi+English search found no historic bazaar, no PIL, no NGO record",
        "source_url": "https://hi.wikipedia.org/wiki/%E0%A4%B0%E0%A5%87%E0%A4%A1_%E0%A4%B2%E0%A4%BE%E0%A4%87%E0%A4%9F_%E0%A4%8F%E0%A4%B0%E0%A4%BF%E0%A4%AF%E0%A4%BE",
        "last_updated": "2026-08",
        "last_verified": "2026-08 via systematic search - negative for historic kotha",
        "story": "Systematic search across Hindi and English news, High Court PILs, NGO reports and Wikipedia for this district returned no historic kotha bazaar or hereditary village. The only pattern in recent years is scattered hotel/spa OYO raids that local news sometimes labels as 'red light area' - the same dispersed pattern seen across UP after classic bazaars declined. This point is mapped as low-evidence generic hotel/spa belt at district centroid to show that dispersal, not a verified bazaar.",
        "notes": "District centroid only. Low evidence - generic pattern, not a historic bazaar. Hide via filter if you want verified only."
      }
    },
    {
      "type": "Feature",
      "geometry": {
        "type": "Point",
        "coordinates": [
          78.05535294117647,
          28.37035294117647
        ]
      },
      "properties": {
        "slug": "bulandshahr-generic",
        "district": "Bulandshahr",
        "area_name": "Hotels / spas near highway / bus stand (generic pattern)",
        "type": "Dispersed hotel/spa - low evidence",
        "reliability": "low",
        "source": "Generic OYO/hotel/spa raid pattern - systematic Hindi+English search found no historic bazaar, no PIL, no NGO record",
        "source_url": "https://hi.wikipedia.org/wiki/%E0%A4%B0%E0%A5%87%E0%A4%A1_%E0%A4%B2%E0%A4%BE%E0%A4%87%E0%A4%9F_%E0%A4%8F%E0%A4%B0%E0%A4%BF%E0%A4%AF%E0%A4%BE",
        "last_updated": "2026-08",
        "last_verified": "2026-08 via systematic search - negative for historic kotha",
        "story": "Systematic search across Hindi and English news, High Court PILs, NGO reports and Wikipedia for this district returned no historic kotha bazaar or hereditary village. The only pattern in recent years is scattered hotel/spa OYO raids that local news sometimes labels as 'red light area' - the same dispersed pattern seen across UP after classic bazaars declined. This point is mapped as low-evidence generic hotel/spa belt at district centroid to show that dispersal, not a verified bazaar.",
        "notes": "District centroid only. Low evidence - generic pattern, not a historic bazaar. Hide via filter if you want verified only."
      }
    },
    {
      "type": "Feature",
      "geometry": {
        "type": "Point",
        "coordinates": [
          77.5334,
          28.4209
        ]
      },
      "properties": {
        "slug": "gautam-buddha-nagar-generic",
        "district": "Gautam Buddha Nagar",
        "area_name": "Hotels / spas near highway / bus stand (generic pattern)",
        "type": "Dispersed hotel/spa - low evidence",
        "reliability": "low",
        "source": "Generic OYO/hotel/spa raid pattern - systematic Hindi+English search found no historic bazaar, no PIL, no NGO record",
        "source_url": "https://hi.wikipedia.org/wiki/%E0%A4%B0%E0%A5%87%E0%A4%A1_%E0%A4%B2%E0%A4%BE%E0%A4%87%E0%A4%9F_%E0%A4%8F%E0%A4%B0%E0%A4%BF%E0%A4%AF%E0%A4%BE",
        "last_updated": "2026-08",
        "last_verified": "2026-08 via systematic search - negative for historic kotha",
        "story": "Systematic search across Hindi and English news, High Court PILs, NGO reports and Wikipedia for this district returned no historic kotha bazaar or hereditary village. The only pattern in recent years is scattered hotel/spa OYO raids that local news sometimes labels as 'red light area' - the same dispersed pattern seen across UP after classic bazaars declined. This point is mapped as low-evidence generic hotel/spa belt at district centroid to show that dispersal, not a verified bazaar.",
        "notes": "District centroid only. Low evidence - generic pattern, not a historic bazaar. Hide via filter if you want verified only."
      }
    },
    {
      "type": "Feature",
      "geometry": {
        "type": "Point",
        "coordinates": [
          80.62496153846153,
          28.117884615384618
        ]
      },
      "properties": {
        "slug": "lakhimpur-kheri-generic",
        "district": "Lakhimpur Kheri",
        "area_name": "Hotels / spas near highway / bus stand (generic pattern)",
        "type": "Dispersed hotel/spa - low evidence",
        "reliability": "low",
        "source": "Generic OYO/hotel/spa raid pattern - systematic Hindi+English search found no historic bazaar, no PIL, no NGO record",
        "source_url": "https://hi.wikipedia.org/wiki/%E0%A4%B0%E0%A5%87%E0%A4%A1_%E0%A4%B2%E0%A4%BE%E0%A4%87%E0%A4%9F_%E0%A4%8F%E0%A4%B0%E0%A4%BF%E0%A4%AF%E0%A4%BE",
        "last_updated": "2026-08",
        "last_verified": "2026-08 via systematic search - negative for historic kotha",
        "story": "Systematic search across Hindi and English news, High Court PILs, NGO reports and Wikipedia for this district returned no historic kotha bazaar or hereditary village. The only pattern in recent years is scattered hotel/spa OYO raids that local news sometimes labels as 'red light area' - the same dispersed pattern seen across UP after classic bazaars declined. This point is mapped as low-evidence generic hotel/spa belt at district centroid to show that dispersal, not a verified bazaar.",
        "notes": "District centroid only. Low evidence - generic pattern, not a historic bazaar. Hide via filter if you want verified only."
      }
    },
    {
      "type": "Feature",
      "geometry": {
        "type": "Point",
        "coordinates": [
          79.08335,
          28.093650000000004
        ]
      },
      "properties": {
        "slug": "budaun-generic",
        "district": "Budaun",
        "area_name": "Hotels / spas near highway / bus stand (generic pattern)",
        "type": "Dispersed hotel/spa - low evidence",
        "reliability": "low",
        "source": "Generic OYO/hotel/spa raid pattern - systematic Hindi+English search found no historic bazaar, no PIL, no NGO record",
        "source_url": "https://hi.wikipedia.org/wiki/%E0%A4%B0%E0%A5%87%E0%A4%A1_%E0%A4%B2%E0%A4%BE%E0%A4%87%E0%A4%9F_%E0%A4%8F%E0%A4%B0%E0%A4%BF%E0%A4%AF%E0%A4%BE",
        "last_updated": "2026-08",
        "last_verified": "2026-08 via systematic search - negative for historic kotha",
        "story": "Systematic search across Hindi and English news, High Court PILs, NGO reports and Wikipedia for this district returned no historic kotha bazaar or hereditary village. The only pattern in recent years is scattered hotel/spa OYO raids that local news sometimes labels as 'red light area' - the same dispersed pattern seen across UP after classic bazaars declined. This point is mapped as low-evidence generic hotel/spa belt at district centroid to show that dispersal, not a verified bazaar.",
        "notes": "District centroid only. Low evidence - generic pattern, not a historic bazaar. Hide via filter if you want verified only."
      }
    },
    {
      "type": "Feature",
      "geometry": {
        "type": "Point",
        "coordinates": [
          79.84376,
          27.9694
        ]
      },
      "properties": {
        "slug": "shahjahanpur-generic",
        "district": "Shahjahanpur",
        "area_name": "Hotels / spas near highway / bus stand (generic pattern)",
        "type": "Dispersed hotel/spa - low evidence",
        "reliability": "low",
        "source": "Generic OYO/hotel/spa raid pattern - systematic Hindi+English search found no historic bazaar, no PIL, no NGO record",
        "source_url": "https://hi.wikipedia.org/wiki/%E0%A4%B0%E0%A5%87%E0%A4%A1_%E0%A4%B2%E0%A4%BE%E0%A4%87%E0%A4%9F_%E0%A4%8F%E0%A4%B0%E0%A4%BF%E0%A4%AF%E0%A4%BE",
        "last_updated": "2026-08",
        "last_verified": "2026-08 via systematic search - negative for historic kotha",
        "story": "Systematic search across Hindi and English news, High Court PILs, NGO reports and Wikipedia for this district returned no historic kotha bazaar or hereditary village. The only pattern in recent years is scattered hotel/spa OYO raids that local news sometimes labels as 'red light area' - the same dispersed pattern seen across UP after classic bazaars declined. This point is mapped as low-evidence generic hotel/spa belt at district centroid to show that dispersal, not a verified bazaar.",
        "notes": "District centroid only. Low evidence - generic pattern, not a historic bazaar. Hide via filter if you want verified only."
      }
    },
    {
      "type": "Feature",
      "geometry": {
        "type": "Point",
        "coordinates": [
          78.85906666666666,
          27.7572
        ]
      },
      "properties": {
        "slug": "kasganj-generic",
        "district": "Kasganj",
        "area_name": "Hotels / spas near highway / bus stand (generic pattern)",
        "type": "Dispersed hotel/spa - low evidence",
        "reliability": "low",
        "source": "Generic OYO/hotel/spa raid pattern - systematic Hindi+English search found no historic bazaar, no PIL, no NGO record",
        "source_url": "https://hi.wikipedia.org/wiki/%E0%A4%B0%E0%A5%87%E0%A4%A1_%E0%A4%B2%E0%A4%BE%E0%A4%87%E0%A4%9F_%E0%A4%8F%E0%A4%B0%E0%A4%BF%E0%A4%AF%E0%A4%BE",
        "last_updated": "2026-08",
        "last_verified": "2026-08 via systematic search - negative for historic kotha",
        "story": "Systematic search across Hindi and English news, High Court PILs, NGO reports and Wikipedia for this district returned no historic kotha bazaar or hereditary village. The only pattern in recent years is scattered hotel/spa OYO raids that local news sometimes labels as 'red light area' - the same dispersed pattern seen across UP after classic bazaars declined. This point is mapped as low-evidence generic hotel/spa belt at district centroid to show that dispersal, not a verified bazaar.",
        "notes": "District centroid only. Low evidence - generic pattern, not a historic bazaar. Hide via filter if you want verified only."
      }
    },
    {
      "type": "Feature",
      "geometry": {
        "type": "Point",
        "coordinates": [
          81.914,
          27.673066666666667
        ]
      },
      "properties": {
        "slug": "shrawasti-generic",
        "district": "Shrawasti",
        "area_name": "Hotels / spas near highway / bus stand (generic pattern)",
        "type": "Dispersed hotel/spa - low evidence",
        "reliability": "low",
        "source": "Generic OYO/hotel/spa raid pattern - systematic Hindi+English search found no historic bazaar, no PIL, no NGO record",
        "source_url": "https://hi.wikipedia.org/wiki/%E0%A4%B0%E0%A5%87%E0%A4%A1_%E0%A4%B2%E0%A4%BE%E0%A4%87%E0%A4%9F_%E0%A4%8F%E0%A4%B0%E0%A4%BF%E0%A4%AF%E0%A4%BE",
        "last_updated": "2026-08",
        "last_verified": "2026-08 via systematic search - negative for historic kotha",
        "story": "Systematic search across Hindi and English news, High Court PILs, NGO reports and Wikipedia for this district returned no historic kotha bazaar or hereditary village. The only pattern in recent years is scattered hotel/spa OYO raids that local news sometimes labels as 'red light area' - the same dispersed pattern seen across UP after classic bazaars declined. This point is mapped as low-evidence generic hotel/spa belt at district centroid to show that dispersal, not a verified bazaar.",
        "notes": "District centroid only. Low evidence - generic pattern, not a historic bazaar. Hide via filter if you want verified only."
      }
    },
    {
      "type": "Feature",
      "geometry": {
        "type": "Point",
        "coordinates": [
          80.87261904761905,
          27.475809523809524
        ]
      },
      "properties": {
        "slug": "sitapur-generic",
        "district": "Sitapur",
        "area_name": "Hotels / spas near highway / bus stand (generic pattern)",
        "type": "Dispersed hotel/spa - low evidence",
        "reliability": "low",
        "source": "Generic OYO/hotel/spa raid pattern - systematic Hindi+English search found no historic bazaar, no PIL, no NGO record",
        "source_url": "https://hi.wikipedia.org/wiki/%E0%A4%B0%E0%A5%87%E0%A4%A1_%E0%A4%B2%E0%A4%BE%E0%A4%87%E0%A4%9F_%E0%A4%8F%E0%A4%B0%E0%A4%BF%E0%A4%AF%E0%A4%BE",
        "last_updated": "2026-08",
        "last_verified": "2026-08 via systematic search - negative for historic kotha",
        "story": "Systematic search across Hindi and English news, High Court PILs, NGO reports and Wikipedia for this district returned no historic kotha bazaar or hereditary village. The only pattern in recent years is scattered hotel/spa OYO raids that local news sometimes labels as 'red light area' - the same dispersed pattern seen across UP after classic bazaars declined. This point is mapped as low-evidence generic hotel/spa belt at district centroid to show that dispersal, not a verified bazaar.",
        "notes": "District centroid only. Low evidence - generic pattern, not a historic bazaar. Hide via filter if you want verified only."
      }
    },
    {
      "type": "Feature",
      "geometry": {
        "type": "Point",
        "coordinates": [
          78.18299999999999,
          27.598799999999997
        ]
      },
      "properties": {
        "slug": "hathras-generic",
        "district": "Hathras",
        "area_name": "Hotels / spas near highway / bus stand (generic pattern)",
        "type": "Dispersed hotel/spa - low evidence",
        "reliability": "low",
        "source": "Generic OYO/hotel/spa raid pattern - systematic Hindi+English search found no historic bazaar, no PIL, no NGO record",
        "source_url": "https://hi.wikipedia.org/wiki/%E0%A4%B0%E0%A5%87%E0%A4%A1_%E0%A4%B2%E0%A4%BE%E0%A4%87%E0%A4%9F_%E0%A4%8F%E0%A4%B0%E0%A4%BF%E0%A4%AF%E0%A4%BE",
        "last_updated": "2026-08",
        "last_verified": "2026-08 via systematic search - negative for historic kotha",
        "story": "Systematic search across Hindi and English news, High Court PILs, NGO reports and Wikipedia for this district returned no historic kotha bazaar or hereditary village. The only pattern in recent years is scattered hotel/spa OYO raids that local news sometimes labels as 'red light area' - the same dispersed pattern seen across UP after classic bazaars declined. This point is mapped as low-evidence generic hotel/spa belt at district centroid to show that dispersal, not a verified bazaar.",
        "notes": "District centroid only. Low evidence - generic pattern, not a historic bazaar. Hide via filter if you want verified only."
      }
    },
    {
      "type": "Feature",
      "geometry": {
        "type": "Point",
        "coordinates": [
          78.66986363636364,
          27.526227272727272
        ]
      },
      "properties": {
        "slug": "etah-generic",
        "district": "Etah",
        "area_name": "Hotels / spas near highway / bus stand (generic pattern)",
        "type": "Dispersed hotel/spa - low evidence",
        "reliability": "low",
        "source": "Generic OYO/hotel/spa raid pattern - systematic Hindi+English search found no historic bazaar, no PIL, no NGO record",
        "source_url": "https://hi.wikipedia.org/wiki/%E0%A4%B0%E0%A5%87%E0%A4%A1_%E0%A4%B2%E0%A4%BE%E0%A4%87%E0%A4%9F_%E0%A4%8F%E0%A4%B0%E0%A4%BF%E0%A4%AF%E0%A4%BE",
        "last_updated": "2026-08",
        "last_verified": "2026-08 via systematic search - negative for historic kotha",
        "story": "Systematic search across Hindi and English news, High Court PILs, NGO reports and Wikipedia for this district returned no historic kotha bazaar or hereditary village. The only pattern in recent years is scattered hotel/spa OYO raids that local news sometimes labels as 'red light area' - the same dispersed pattern seen across UP after classic bazaars declined. This point is mapped as low-evidence generic hotel/spa belt at district centroid to show that dispersal, not a verified bazaar.",
        "notes": "District centroid only. Low evidence - generic pattern, not a historic bazaar. Hide via filter if you want verified only."
      }
    },
    {
      "type": "Feature",
      "geometry": {
        "type": "Point",
        "coordinates": [
          79.43346153846154,
          27.449384615384613
        ]
      },
      "properties": {
        "slug": "farrukhabad-generic",
        "district": "Farrukhabad",
        "area_name": "Hotels / spas near highway / bus stand (generic pattern)",
        "type": "Dispersed hotel/spa - low evidence",
        "reliability": "low",
        "source": "Generic OYO/hotel/spa raid pattern - systematic Hindi+English search found no historic bazaar, no PIL, no NGO record",
        "source_url": "https://hi.wikipedia.org/wiki/%E0%A4%B0%E0%A5%87%E0%A4%A1_%E0%A4%B2%E0%A4%BE%E0%A4%87%E0%A4%9F_%E0%A4%8F%E0%A4%B0%E0%A4%BF%E0%A4%AF%E0%A4%BE",
        "last_updated": "2026-08",
        "last_verified": "2026-08 via systematic search - negative for historic kotha",
        "story": "Systematic search across Hindi and English news, High Court PILs, NGO reports and Wikipedia for this district returned no historic kotha bazaar or hereditary village. The only pattern in recent years is scattered hotel/spa OYO raids that local news sometimes labels as 'red light area' - the same dispersed pattern seen across UP after classic bazaars declined. This point is mapped as low-evidence generic hotel/spa belt at district centroid to show that dispersal, not a verified bazaar.",
        "notes": "District centroid only. Low evidence - generic pattern, not a historic bazaar. Hide via filter if you want verified only."
      }
    },
    {
      "type": "Feature",
      "geometry": {
        "type": "Point",
        "coordinates": [
          82.86200000000001,
          27.254166666666666
        ]
      },
      "properties": {
        "slug": "siddharthnagar-generic",
        "district": "Siddharthnagar",
        "area_name": "Hotels / spas near highway / bus stand (generic pattern)",
        "type": "Dispersed hotel/spa - low evidence",
        "reliability": "low",
        "source": "Generic OYO/hotel/spa raid pattern - systematic Hindi+English search found no historic bazaar, no PIL, no NGO record",
        "source_url": "https://hi.wikipedia.org/wiki/%E0%A4%B0%E0%A5%87%E0%A4%A1_%E0%A4%B2%E0%A4%BE%E0%A4%87%E0%A4%9F_%E0%A4%8F%E0%A4%B0%E0%A4%BF%E0%A4%AF%E0%A4%BE",
        "last_updated": "2026-08",
        "last_verified": "2026-08 via systematic search - negative for historic kotha",
        "story": "Systematic search across Hindi and English news, High Court PILs, NGO reports and Wikipedia for this district returned no historic kotha bazaar or hereditary village. The only pattern in recent years is scattered hotel/spa OYO raids that local news sometimes labels as 'red light area' - the same dispersed pattern seen across UP after classic bazaars declined. This point is mapped as low-evidence generic hotel/spa belt at district centroid to show that dispersal, not a verified bazaar.",
        "notes": "District centroid only. Low evidence - generic pattern, not a historic bazaar. Hide via filter if you want verified only."
      }
    },
    {
      "type": "Feature",
      "geometry": {
        "type": "Point",
        "coordinates": [
          78.99464285714285,
          27.195142857142855
        ]
      },
      "properties": {
        "slug": "mainpuri-generic",
        "district": "Mainpuri",
        "area_name": "Hotels / spas near highway / bus stand (generic pattern)",
        "type": "Dispersed hotel/spa - low evidence",
        "reliability": "low",
        "source": "Generic OYO/hotel/spa raid pattern - systematic Hindi+English search found no historic bazaar, no PIL, no NGO record",
        "source_url": "https://hi.wikipedia.org/wiki/%E0%A4%B0%E0%A5%87%E0%A4%A1_%E0%A4%B2%E0%A4%BE%E0%A4%87%E0%A4%9F_%E0%A4%8F%E0%A4%B0%E0%A4%BF%E0%A4%AF%E0%A4%BE",
        "last_updated": "2026-08",
        "last_verified": "2026-08 via systematic search - negative for historic kotha",
        "story": "Systematic search across Hindi and English news, High Court PILs, NGO reports and Wikipedia for this district returned no historic kotha bazaar or hereditary village. The only pattern in recent years is scattered hotel/spa OYO raids that local news sometimes labels as 'red light area' - the same dispersed pattern seen across UP after classic bazaars declined. This point is mapped as low-evidence generic hotel/spa belt at district centroid to show that dispersal, not a verified bazaar.",
        "notes": "District centroid only. Low evidence - generic pattern, not a historic bazaar. Hide via filter if you want verified only."
      }
    },
    {
      "type": "Feature",
      "geometry": {
        "type": "Point",
        "coordinates": [
          83.50447058823529,
          27.17364705882353
        ]
      },
      "properties": {
        "slug": "maharajganj-generic",
        "district": "Maharajganj",
        "area_name": "Hotels / spas near highway / bus stand (generic pattern)",
        "type": "Dispersed hotel/spa - low evidence",
        "reliability": "low",
        "source": "Generic OYO/hotel/spa raid pattern - systematic Hindi+English search found no historic bazaar, no PIL, no NGO record",
        "source_url": "https://hi.wikipedia.org/wiki/%E0%A4%B0%E0%A5%87%E0%A4%A1_%E0%A4%B2%E0%A4%BE%E0%A4%87%E0%A4%9F_%E0%A4%8F%E0%A4%B0%E0%A4%BF%E0%A4%AF%E0%A4%BE",
        "last_updated": "2026-08",
        "last_verified": "2026-08 via systematic search - negative for historic kotha",
        "story": "Systematic search across Hindi and English news, High Court PILs, NGO reports and Wikipedia for this district returned no historic kotha bazaar or hereditary village. The only pattern in recent years is scattered hotel/spa OYO raids that local news sometimes labels as 'red light area' - the same dispersed pattern seen across UP after classic bazaars declined. This point is mapped as low-evidence generic hotel/spa belt at district centroid to show that dispersal, not a verified bazaar.",
        "notes": "District centroid only. Low evidence - generic pattern, not a historic bazaar. Hide via filter if you want verified only."
      }
    },
    {
      "type": "Feature",
      "geometry": {
        "type": "Point",
        "coordinates": [
          82.08057142857143,
          27.08238095238095
        ]
      },
      "properties": {
        "slug": "gonda-generic",
        "district": "Gonda",
        "area_name": "Hotels / spas near highway / bus stand (generic pattern)",
        "type": "Dispersed hotel/spa - low evidence",
        "reliability": "low",
        "source": "Generic OYO/hotel/spa raid pattern - systematic Hindi+English search found no historic bazaar, no PIL, no NGO record",
        "source_url": "https://hi.wikipedia.org/wiki/%E0%A4%B0%E0%A5%87%E0%A4%A1_%E0%A4%B2%E0%A4%BE%E0%A4%87%E0%A4%9F_%E0%A4%8F%E0%A4%B0%E0%A4%BF%E0%A4%AF%E0%A4%BE",
        "last_updated": "2026-08",
        "last_verified": "2026-08 via systematic search - negative for historic kotha",
        "story": "Systematic search across Hindi and English news, High Court PILs, NGO reports and Wikipedia for this district returned no historic kotha bazaar or hereditary village. The only pattern in recent years is scattered hotel/spa OYO raids that local news sometimes labels as 'red light area' - the same dispersed pattern seen across UP after classic bazaars declined. This point is mapped as low-evidence generic hotel/spa belt at district centroid to show that dispersal, not a verified bazaar.",
        "notes": "District centroid only. Low evidence - generic pattern, not a historic bazaar. Hide via filter if you want verified only."
      }
    },
    {
      "type": "Feature",
      "geometry": {
        "type": "Point",
        "coordinates": [
          83.89665,
          26.8824
        ]
      },
      "properties": {
        "slug": "kushinagar-generic",
        "district": "Kushinagar",
        "area_name": "Hotels / spas near highway / bus stand (generic pattern)",
        "type": "Dispersed hotel/spa - low evidence",
        "reliability": "low",
        "source": "Generic OYO/hotel/spa raid pattern - systematic Hindi+English search found no historic bazaar, no PIL, no NGO record",
        "source_url": "https://hi.wikipedia.org/wiki/%E0%A4%B0%E0%A5%87%E0%A4%A1_%E0%A4%B2%E0%A4%BE%E0%A4%87%E0%A4%9F_%E0%A4%8F%E0%A4%B0%E0%A4%BF%E0%A4%AF%E0%A4%BE",
        "last_updated": "2026-08",
        "last_verified": "2026-08 via systematic search - negative for historic kotha",
        "story": "Systematic search across Hindi and English news, High Court PILs, NGO reports and Wikipedia for this district returned no historic kotha bazaar or hereditary village. The only pattern in recent years is scattered hotel/spa OYO raids that local news sometimes labels as 'red light area' - the same dispersed pattern seen across UP after classic bazaars declined. This point is mapped as low-evidence generic hotel/spa belt at district centroid to show that dispersal, not a verified bazaar.",
        "notes": "District centroid only. Low evidence - generic pattern, not a historic bazaar. Hide via filter if you want verified only."
      }
    },
    {
      "type": "Feature",
      "geometry": {
        "type": "Point",
        "coordinates": [
          79.634125,
          27.0160625
        ]
      },
      "properties": {
        "slug": "kannauj-generic",
        "district": "Kannauj",
        "area_name": "Hotels / spas near highway / bus stand (generic pattern)",
        "type": "Dispersed hotel/spa - low evidence",
        "reliability": "low",
        "source": "Generic OYO/hotel/spa raid pattern - systematic Hindi+English search found no historic bazaar, no PIL, no NGO record",
        "source_url": "https://hi.wikipedia.org/wiki/%E0%A4%B0%E0%A5%87%E0%A4%A1_%E0%A4%B2%E0%A4%BE%E0%A4%87%E0%A4%9F_%E0%A4%8F%E0%A4%B0%E0%A4%BF%E0%A4%AF%E0%A4%BE",
        "last_updated": "2026-08",
        "last_verified": "2026-08 via systematic search - negative for historic kotha",
        "story": "Systematic search across Hindi and English news, High Court PILs, NGO reports and Wikipedia for this district returned no historic kotha bazaar or hereditary village. The only pattern in recent years is scattered hotel/spa OYO raids that local news sometimes labels as 'red light area' - the same dispersed pattern seen across UP after classic bazaars declined. This point is mapped as low-evidence generic hotel/spa belt at district centroid to show that dispersal, not a verified bazaar.",
        "notes": "District centroid only. Low evidence - generic pattern, not a historic bazaar. Hide via filter if you want verified only."
      }
    },
    {
      "type": "Feature",
      "geometry": {
        "type": "Point",
        "coordinates": [
          83.02707142857142,
          26.77264285714286
        ]
      },
      "properties": {
        "slug": "sant-kabir-nagar-generic",
        "district": "Sant Kabir Nagar",
        "area_name": "Hotels / spas near highway / bus stand (generic pattern)",
        "type": "Dispersed hotel/spa - low evidence",
        "reliability": "low",
        "source": "Generic OYO/hotel/spa raid pattern - systematic Hindi+English search found no historic bazaar, no PIL, no NGO record",
        "source_url": "https://hi.wikipedia.org/wiki/%E0%A4%B0%E0%A5%87%E0%A4%A1_%E0%A4%B2%E0%A4%BE%E0%A4%87%E0%A4%9F_%E0%A4%8F%E0%A4%B0%E0%A4%BF%E0%A4%AF%E0%A4%BE",
        "last_updated": "2026-08",
        "last_verified": "2026-08 via systematic search - negative for historic kotha",
        "story": "Systematic search across Hindi and English news, High Court PILs, NGO reports and Wikipedia for this district returned no historic kotha bazaar or hereditary village. The only pattern in recent years is scattered hotel/spa OYO raids that local news sometimes labels as 'red light area' - the same dispersed pattern seen across UP after classic bazaars declined. This point is mapped as low-evidence generic hotel/spa belt at district centroid to show that dispersal, not a verified bazaar.",
        "notes": "District centroid only. Low evidence - generic pattern, not a historic bazaar. Hide via filter if you want verified only."
      }
    },
    {
      "type": "Feature",
      "geometry": {
        "type": "Point",
        "coordinates": [
          80.493,
          26.67525
        ]
      },
      "properties": {
        "slug": "unnao-generic",
        "district": "Unnao",
        "area_name": "Hotels / spas near highway / bus stand (generic pattern)",
        "type": "Dispersed hotel/spa - low evidence",
        "reliability": "low",
        "source": "Generic OYO/hotel/spa raid pattern - systematic Hindi+English search found no historic bazaar, no PIL, no NGO record",
        "source_url": "https://hi.wikipedia.org/wiki/%E0%A4%B0%E0%A5%87%E0%A4%A1_%E0%A4%B2%E0%A4%BE%E0%A4%87%E0%A4%9F_%E0%A4%8F%E0%A4%B0%E0%A4%BF%E0%A4%AF%E0%A4%BE",
        "last_updated": "2026-08",
        "last_verified": "2026-08 via systematic search - negative for historic kotha",
        "story": "Systematic search across Hindi and English news, High Court PILs, NGO reports and Wikipedia for this district returned no historic kotha bazaar or hereditary village. The only pattern in recent years is scattered hotel/spa OYO raids that local news sometimes labels as 'red light area' - the same dispersed pattern seen across UP after classic bazaars declined. This point is mapped as low-evidence generic hotel/spa belt at district centroid to show that dispersal, not a verified bazaar.",
        "notes": "District centroid only. Low evidence - generic pattern, not a historic bazaar. Hide via filter if you want verified only."
      }
    },
    {
      "type": "Feature",
      "geometry": {
        "type": "Point",
        "coordinates": [
          79.03533333333333,
          26.754933333333334
        ]
      },
      "properties": {
        "slug": "etawah-generic",
        "district": "Etawah",
        "area_name": "Hotels / spas near highway / bus stand (generic pattern)",
        "type": "Dispersed hotel/spa - low evidence",
        "reliability": "low",
        "source": "Generic OYO/hotel/spa raid pattern - systematic Hindi+English search found no historic bazaar, no PIL, no NGO record",
        "source_url": "https://hi.wikipedia.org/wiki/%E0%A4%B0%E0%A5%87%E0%A4%A1_%E0%A4%B2%E0%A4%BE%E0%A4%87%E0%A4%9F_%E0%A4%8F%E0%A4%B0%E0%A4%BF%E0%A4%AF%E0%A4%BE",
        "last_updated": "2026-08",
        "last_verified": "2026-08 via systematic search - negative for historic kotha",
        "story": "Systematic search across Hindi and English news, High Court PILs, NGO reports and Wikipedia for this district returned no historic kotha bazaar or hereditary village. The only pattern in recent years is scattered hotel/spa OYO raids that local news sometimes labels as 'red light area' - the same dispersed pattern seen across UP after classic bazaars declined. This point is mapped as low-evidence generic hotel/spa belt at district centroid to show that dispersal, not a verified bazaar.",
        "notes": "District centroid only. Low evidence - generic pattern, not a historic bazaar. Hide via filter if you want verified only."
      }
    },
    {
      "type": "Feature",
      "geometry": {
        "type": "Point",
        "coordinates": [
          79.46633333333332,
          26.663666666666664
        ]
      },
      "properties": {
        "slug": "auraiya-generic",
        "district": "Auraiya",
        "area_name": "Hotels / spas near highway / bus stand (generic pattern)",
        "type": "Dispersed hotel/spa - low evidence",
        "reliability": "low",
        "source": "Generic OYO/hotel/spa raid pattern - systematic Hindi+English search found no historic bazaar, no PIL, no NGO record",
        "source_url": "https://hi.wikipedia.org/wiki/%E0%A4%B0%E0%A5%87%E0%A4%A1_%E0%A4%B2%E0%A4%BE%E0%A4%87%E0%A4%9F_%E0%A4%8F%E0%A4%B0%E0%A4%BF%E0%A4%AF%E0%A4%BE",
        "last_updated": "2026-08",
        "last_verified": "2026-08 via systematic search - negative for historic kotha",
        "story": "Systematic search across Hindi and English news, High Court PILs, NGO reports and Wikipedia for this district returned no historic kotha bazaar or hereditary village. The only pattern in recent years is scattered hotel/spa OYO raids that local news sometimes labels as 'red light area' - the same dispersed pattern seen across UP after classic bazaars declined. This point is mapped as low-evidence generic hotel/spa belt at district centroid to show that dispersal, not a verified bazaar.",
        "notes": "District centroid only. Low evidence - generic pattern, not a historic bazaar. Hide via filter if you want verified only."
      }
    },
    {
      "type": "Feature",
      "geometry": {
        "type": "Point",
        "coordinates": [
          79.85016666666667,
          26.458388888888887
        ]
      },
      "properties": {
        "slug": "kanpur-dehat-generic",
        "district": "Kanpur Dehat",
        "area_name": "Hotels / spas near highway / bus stand (generic pattern)",
        "type": "Dispersed hotel/spa - low evidence",
        "reliability": "low",
        "source": "Generic OYO/hotel/spa raid pattern - systematic Hindi+English search found no historic bazaar, no PIL, no NGO record",
        "source_url": "https://hi.wikipedia.org/wiki/%E0%A4%B0%E0%A5%87%E0%A4%A1_%E0%A4%B2%E0%A4%BE%E0%A4%87%E0%A4%9F_%E0%A4%8F%E0%A4%B0%E0%A4%BF%E0%A4%AF%E0%A4%BE",
        "last_updated": "2026-08",
        "last_verified": "2026-08 via systematic search - negative for historic kotha",
        "story": "Systematic search across Hindi and English news, High Court PILs, NGO reports and Wikipedia for this district returned no historic kotha bazaar or hereditary village. The only pattern in recent years is scattered hotel/spa OYO raids that local news sometimes labels as 'red light area' - the same dispersed pattern seen across UP after classic bazaars declined. This point is mapped as low-evidence generic hotel/spa belt at district centroid to show that dispersal, not a verified bazaar.",
        "notes": "District centroid only. Low evidence - generic pattern, not a historic bazaar. Hide via filter if you want verified only."
      }
    },
    {
      "type": "Feature",
      "geometry": {
        "type": "Point",
        "coordinates": [
          83.82115789473684,
          26.40926315789474
        ]
      },
      "properties": {
        "slug": "deoria-generic",
        "district": "Deoria",
        "area_name": "Hotels / spas near highway / bus stand (generic pattern)",
        "type": "Dispersed hotel/spa - low evidence",
        "reliability": "low",
        "source": "Generic OYO/hotel/spa raid pattern - systematic Hindi+English search found no historic bazaar, no PIL, no NGO record",
        "source_url": "https://hi.wikipedia.org/wiki/%E0%A4%B0%E0%A5%87%E0%A4%A1_%E0%A4%B2%E0%A4%BE%E0%A4%87%E0%A4%9F_%E0%A4%8F%E0%A4%B0%E0%A4%BF%E0%A4%AF%E0%A4%BE",
        "last_updated": "2026-08",
        "last_verified": "2026-08 via systematic search - negative for historic kotha",
        "story": "Systematic search across Hindi and English news, High Court PILs, NGO reports and Wikipedia for this district returned no historic kotha bazaar or hereditary village. The only pattern in recent years is scattered hotel/spa OYO raids that local news sometimes labels as 'red light area' - the same dispersed pattern seen across UP after classic bazaars declined. This point is mapped as low-evidence generic hotel/spa belt at district centroid to show that dispersal, not a verified bazaar.",
        "notes": "District centroid only. Low evidence - generic pattern, not a historic bazaar. Hide via filter if you want verified only."
      }
    },
    {
      "type": "Feature",
      "geometry": {
        "type": "Point",
        "coordinates": [
          82.2611875,
          26.2405625
        ]
      },
      "properties": {
        "slug": "sultanpur-generic",
        "district": "Sultanpur",
        "area_name": "Hotels / spas near highway / bus stand (generic pattern)",
        "type": "Dispersed hotel/spa - low evidence",
        "reliability": "low",
        "source": "Generic OYO/hotel/spa raid pattern - systematic Hindi+English search found no historic bazaar, no PIL, no NGO record",
        "source_url": "https://hi.wikipedia.org/wiki/%E0%A4%B0%E0%A5%87%E0%A4%A1_%E0%A4%B2%E0%A4%BE%E0%A4%87%E0%A4%9F_%E0%A4%8F%E0%A4%B0%E0%A4%BF%E0%A4%AF%E0%A4%BE",
        "last_updated": "2026-08",
        "last_verified": "2026-08 via systematic search - negative for historic kotha",
        "story": "Systematic search across Hindi and English news, High Court PILs, NGO reports and Wikipedia for this district returned no historic kotha bazaar or hereditary village. The only pattern in recent years is scattered hotel/spa OYO raids that local news sometimes labels as 'red light area' - the same dispersed pattern seen across UP after classic bazaars declined. This point is mapped as low-evidence generic hotel/spa belt at district centroid to show that dispersal, not a verified bazaar.",
        "notes": "District centroid only. Low evidence - generic pattern, not a historic bazaar. Hide via filter if you want verified only."
      }
    },
    {
      "type": "Feature",
      "geometry": {
        "type": "Point",
        "coordinates": [
          82.70483333333333,
          26.42688888888889
        ]
      },
      "properties": {
        "slug": "ambedkar-nagar-generic",
        "district": "Ambedkar Nagar",
        "area_name": "Hotels / spas near highway / bus stand (generic pattern)",
        "type": "Dispersed hotel/spa - low evidence",
        "reliability": "low",
        "source": "Generic OYO/hotel/spa raid pattern - systematic Hindi+English search found no historic bazaar, no PIL, no NGO record",
        "source_url": "https://hi.wikipedia.org/wiki/%E0%A4%B0%E0%A5%87%E0%A4%A1_%E0%A4%B2%E0%A4%BE%E0%A4%87%E0%A4%9F_%E0%A4%8F%E0%A4%B0%E0%A4%BF%E0%A4%AF%E0%A4%BE",
        "last_updated": "2026-08",
        "last_verified": "2026-08 via systematic search - negative for historic kotha",
        "story": "Systematic search across Hindi and English news, High Court PILs, NGO reports and Wikipedia for this district returned no historic kotha bazaar or hereditary village. The only pattern in recent years is scattered hotel/spa OYO raids that local news sometimes labels as 'red light area' - the same dispersed pattern seen across UP after classic bazaars declined. This point is mapped as low-evidence generic hotel/spa belt at district centroid to show that dispersal, not a verified bazaar.",
        "notes": "District centroid only. Low evidence - generic pattern, not a historic bazaar. Hide via filter if you want verified only."
      }
    },
    {
      "type": "Feature",
      "geometry": {
        "type": "Point",
        "coordinates": [
          81.13766666666668,
          26.185777777777776
        ]
      },
      "properties": {
        "slug": "rae-bareli-generic",
        "district": "Rae Bareli",
        "area_name": "Hotels / spas near highway / bus stand (generic pattern)",
        "type": "Dispersed hotel/spa - low evidence",
        "reliability": "low",
        "source": "Generic OYO/hotel/spa raid pattern - systematic Hindi+English search found no historic bazaar, no PIL, no NGO record",
        "source_url": "https://hi.wikipedia.org/wiki/%E0%A4%B0%E0%A5%87%E0%A4%A1_%E0%A4%B2%E0%A4%BE%E0%A4%87%E0%A4%9F_%E0%A4%8F%E0%A4%B0%E0%A4%BF%E0%A4%AF%E0%A4%BE",
        "last_updated": "2026-08",
        "last_verified": "2026-08 via systematic search - negative for historic kotha",
        "story": "Systematic search across Hindi and English news, High Court PILs, NGO reports and Wikipedia for this district returned no historic kotha bazaar or hereditary village. The only pattern in recent years is scattered hotel/spa OYO raids that local news sometimes labels as 'red light area' - the same dispersed pattern seen across UP after classic bazaars declined. This point is mapped as low-evidence generic hotel/spa belt at district centroid to show that dispersal, not a verified bazaar.",
        "notes": "District centroid only. Low evidence - generic pattern, not a historic bazaar. Hide via filter if you want verified only."
      }
    },
    {
      "type": "Feature",
      "geometry": {
        "type": "Point",
        "coordinates": [
          79.41095238095238,
          26.13695238095238
        ]
      },
      "properties": {
        "slug": "jalaun-generic",
        "district": "Jalaun",
        "area_name": "Hotels / spas near highway / bus stand (generic pattern)",
        "type": "Dispersed hotel/spa - low evidence",
        "reliability": "low",
        "source": "Generic OYO/hotel/spa raid pattern - systematic Hindi+English search found no historic bazaar, no PIL, no NGO record",
        "source_url": "https://hi.wikipedia.org/wiki/%E0%A4%B0%E0%A5%87%E0%A4%A1_%E0%A4%B2%E0%A4%BE%E0%A4%87%E0%A4%9F_%E0%A4%8F%E0%A4%B0%E0%A4%BF%E0%A4%AF%E0%A4%BE",
        "last_updated": "2026-08",
        "last_verified": "2026-08 via systematic search - negative for historic kotha",
        "story": "Systematic search across Hindi and English news, High Court PILs, NGO reports and Wikipedia for this district returned no historic kotha bazaar or hereditary village. The only pattern in recent years is scattered hotel/spa OYO raids that local news sometimes labels as 'red light area' - the same dispersed pattern seen across UP after classic bazaars declined. This point is mapped as low-evidence generic hotel/spa belt at district centroid to show that dispersal, not a verified bazaar.",
        "notes": "District centroid only. Low evidence - generic pattern, not a historic bazaar. Hide via filter if you want verified only."
      }
    },
    {
      "type": "Feature",
      "geometry": {
        "type": "Point",
        "coordinates": [
          80.839,
          25.84508
        ]
      },
      "properties": {
        "slug": "fatehpur-generic",
        "district": "Fatehpur",
        "area_name": "Hotels / spas near highway / bus stand (generic pattern)",
        "type": "Dispersed hotel/spa - low evidence",
        "reliability": "low",
        "source": "Generic OYO/hotel/spa raid pattern - systematic Hindi+English search found no historic bazaar, no PIL, no NGO record",
        "source_url": "https://hi.wikipedia.org/wiki/%E0%A4%B0%E0%A5%87%E0%A4%A1_%E0%A4%B2%E0%A4%BE%E0%A4%87%E0%A4%9F_%E0%A4%8F%E0%A4%B0%E0%A4%BF%E0%A4%AF%E0%A4%BE",
        "last_updated": "2026-08",
        "last_verified": "2026-08 via systematic search - negative for historic kotha",
        "story": "Systematic search across Hindi and English news, High Court PILs, NGO reports and Wikipedia for this district returned no historic kotha bazaar or hereditary village. The only pattern in recent years is scattered hotel/spa OYO raids that local news sometimes labels as 'red light area' - the same dispersed pattern seen across UP after classic bazaars declined. This point is mapped as low-evidence generic hotel/spa belt at district centroid to show that dispersal, not a verified bazaar.",
        "notes": "District centroid only. Low evidence - generic pattern, not a historic bazaar. Hide via filter if you want verified only."
      }
    },
    {
      "type": "Feature",
      "geometry": {
        "type": "Point",
        "coordinates": [
          84.03213636363635,
          25.883363636363637
        ]
      },
      "properties": {
        "slug": "ballia-generic",
        "district": "Ballia",
        "area_name": "Hotels / spas near highway / bus stand (generic pattern)",
        "type": "Dispersed hotel/spa - low evidence",
        "reliability": "low",
        "source": "Generic OYO/hotel/spa raid pattern - systematic Hindi+English search found no historic bazaar, no PIL, no NGO record",
        "source_url": "https://hi.wikipedia.org/wiki/%E0%A4%B0%E0%A5%87%E0%A4%A1_%E0%A4%B2%E0%A4%BE%E0%A4%87%E0%A4%9F_%E0%A4%8F%E0%A4%B0%E0%A4%BF%E0%A4%AF%E0%A4%BE",
        "last_updated": "2026-08",
        "last_verified": "2026-08 via systematic search - negative for historic kotha",
        "story": "Systematic search across Hindi and English news, High Court PILs, NGO reports and Wikipedia for this district returned no historic kotha bazaar or hereditary village. The only pattern in recent years is scattered hotel/spa OYO raids that local news sometimes labels as 'red light area' - the same dispersed pattern seen across UP after classic bazaars declined. This point is mapped as low-evidence generic hotel/spa belt at district centroid to show that dispersal, not a verified bazaar.",
        "notes": "District centroid only. Low evidence - generic pattern, not a historic bazaar. Hide via filter if you want verified only."
      }
    },
    {
      "type": "Feature",
      "geometry": {
        "type": "Point",
        "coordinates": [
          78.94483333333332,
          25.461666666666666
        ]
      },
      "properties": {
        "slug": "jhansi-generic",
        "district": "Jhansi",
        "area_name": "Hotels / spas near highway / bus stand (generic pattern)",
        "type": "Dispersed hotel/spa - low evidence",
        "reliability": "low",
        "source": "Generic OYO/hotel/spa raid pattern - systematic Hindi+English search found no historic bazaar, no PIL, no NGO record",
        "source_url": "https://hi.wikipedia.org/wiki/%E0%A4%B0%E0%A5%87%E0%A4%A1_%E0%A4%B2%E0%A4%BE%E0%A4%87%E0%A4%9F_%E0%A4%8F%E0%A4%B0%E0%A4%BF%E0%A4%AF%E0%A4%BE",
        "last_updated": "2026-08",
        "last_verified": "2026-08 via systematic search - negative for historic kotha",
        "story": "Systematic search across Hindi and English news, High Court PILs, NGO reports and Wikipedia for this district returned no historic kotha bazaar or hereditary village. The only pattern in recent years is scattered hotel/spa OYO raids that local news sometimes labels as 'red light area' - the same dispersed pattern seen across UP after classic bazaars declined. This point is mapped as low-evidence generic hotel/spa belt at district centroid to show that dispersal, not a verified bazaar.",
        "notes": "District centroid only. Low evidence - generic pattern, not a historic bazaar. Hide via filter if you want verified only."
      }
    },
    {
      "type": "Feature",
      "geometry": {
        "type": "Point",
        "coordinates": [
          80.51864285714285,
          25.48025
        ]
      },
      "properties": {
        "slug": "banda-generic",
        "district": "Banda",
        "area_name": "Hotels / spas near highway / bus stand (generic pattern)",
        "type": "Dispersed hotel/spa - low evidence",
        "reliability": "low",
        "source": "Generic OYO/hotel/spa raid pattern - systematic Hindi+English search found no historic bazaar, no PIL, no NGO record",
        "source_url": "https://hi.wikipedia.org/wiki/%E0%A4%B0%E0%A5%87%E0%A4%A1_%E0%A4%B2%E0%A4%BE%E0%A4%87%E0%A4%9F_%E0%A4%8F%E0%A4%B0%E0%A4%BF%E0%A4%AF%E0%A4%BE",
        "last_updated": "2026-08",
        "last_verified": "2026-08 via systematic search - negative for historic kotha",
        "story": "Systematic search across Hindi and English news, High Court PILs, NGO reports and Wikipedia for this district returned no historic kotha bazaar or hereditary village. The only pattern in recent years is scattered hotel/spa OYO raids that local news sometimes labels as 'red light area' - the same dispersed pattern seen across UP after classic bazaars declined. This point is mapped as low-evidence generic hotel/spa belt at district centroid to show that dispersal, not a verified bazaar.",
        "notes": "District centroid only. Low evidence - generic pattern, not a historic bazaar. Hide via filter if you want verified only."
      }
    },
    {
      "type": "Feature",
      "geometry": {
        "type": "Point",
        "coordinates": [
          81.382,
          25.506866666666667
        ]
      },
      "properties": {
        "slug": "kaushambi-generic",
        "district": "Kaushambi",
        "area_name": "Hotels / spas near highway / bus stand (generic pattern)",
        "type": "Dispersed hotel/spa - low evidence",
        "reliability": "low",
        "source": "Generic OYO/hotel/spa raid pattern - systematic Hindi+English search found no historic bazaar, no PIL, no NGO record",
        "source_url": "https://hi.wikipedia.org/wiki/%E0%A4%B0%E0%A5%87%E0%A4%A1_%E0%A4%B2%E0%A4%BE%E0%A4%87%E0%A4%9F_%E0%A4%8F%E0%A4%B0%E0%A4%BF%E0%A4%AF%E0%A4%BE",
        "last_updated": "2026-08",
        "last_verified": "2026-08 via systematic search - negative for historic kotha",
        "story": "Systematic search across Hindi and English news, High Court PILs, NGO reports and Wikipedia for this district returned no historic kotha bazaar or hereditary village. The only pattern in recent years is scattered hotel/spa OYO raids that local news sometimes labels as 'red light area' - the same dispersed pattern seen across UP after classic bazaars declined. This point is mapped as low-evidence generic hotel/spa belt at district centroid to show that dispersal, not a verified bazaar.",
        "notes": "District centroid only. Low evidence - generic pattern, not a historic bazaar. Hide via filter if you want verified only."
      }
    },
    {
      "type": "Feature",
      "geometry": {
        "type": "Point",
        "coordinates": [
          81.10018181818181,
          25.260863636363638
        ]
      },
      "properties": {
        "slug": "chitrakoot-generic",
        "district": "Chitrakoot",
        "area_name": "Hotels / spas near highway / bus stand (generic pattern)",
        "type": "Dispersed hotel/spa - low evidence",
        "reliability": "low",
        "source": "Generic OYO/hotel/spa raid pattern - systematic Hindi+English search found no historic bazaar, no PIL, no NGO record",
        "source_url": "https://hi.wikipedia.org/wiki/%E0%A4%B0%E0%A5%87%E0%A4%A1_%E0%A4%B2%E0%A4%BE%E0%A4%87%E0%A4%9F_%E0%A4%8F%E0%A4%B0%E0%A4%BF%E0%A4%AF%E0%A4%BE",
        "last_updated": "2026-08",
        "last_verified": "2026-08 via systematic search - negative for historic kotha",
        "story": "Systematic search across Hindi and English news, High Court PILs, NGO reports and Wikipedia for this district returned no historic kotha bazaar or hereditary village. The only pattern in recent years is scattered hotel/spa OYO raids that local news sometimes labels as 'red light area' - the same dispersed pattern seen across UP after classic bazaars declined. This point is mapped as low-evidence generic hotel/spa belt at district centroid to show that dispersal, not a verified bazaar.",
        "notes": "District centroid only. Low evidence - generic pattern, not a historic bazaar. Hide via filter if you want verified only."
      }
    },
    {
      "type": "Feature",
      "geometry": {
        "type": "Point",
        "coordinates": [
          83.2391052631579,
          25.17963157894737
        ]
      },
      "properties": {
        "slug": "chandauli-generic",
        "district": "Chandauli",
        "area_name": "Hotels / spas near highway / bus stand (generic pattern)",
        "type": "Dispersed hotel/spa - low evidence",
        "reliability": "low",
        "source": "Generic OYO/hotel/spa raid pattern - systematic Hindi+English search found no historic bazaar, no PIL, no NGO record",
        "source_url": "https://hi.wikipedia.org/wiki/%E0%A4%B0%E0%A5%87%E0%A4%A1_%E0%A4%B2%E0%A4%BE%E0%A4%87%E0%A4%9F_%E0%A4%8F%E0%A4%B0%E0%A4%BF%E0%A4%AF%E0%A4%BE",
        "last_updated": "2026-08",
        "last_verified": "2026-08 via systematic search - negative for historic kotha",
        "story": "Systematic search across Hindi and English news, High Court PILs, NGO reports and Wikipedia for this district returned no historic kotha bazaar or hereditary village. The only pattern in recent years is scattered hotel/spa OYO raids that local news sometimes labels as 'red light area' - the same dispersed pattern seen across UP after classic bazaars declined. This point is mapped as low-evidence generic hotel/spa belt at district centroid to show that dispersal, not a verified bazaar.",
        "notes": "District centroid only. Low evidence - generic pattern, not a historic bazaar. Hide via filter if you want verified only."
      }
    },
    {
      "type": "Feature",
      "geometry": {
        "type": "Point",
        "coordinates": [
          82.45211111111111,
          25.373444444444445
        ]
      },
      "properties": {
        "slug": "bhadohi-generic",
        "district": "Bhadohi",
        "area_name": "Hotels / spas near highway / bus stand (generic pattern)",
        "type": "Dispersed hotel/spa - low evidence",
        "reliability": "low",
        "source": "Generic OYO/hotel/spa raid pattern - systematic Hindi+English search found no historic bazaar, no PIL, no NGO record",
        "source_url": "https://hi.wikipedia.org/wiki/%E0%A4%B0%E0%A5%87%E0%A4%A1_%E0%A4%B2%E0%A4%BE%E0%A4%87%E0%A4%9F_%E0%A4%8F%E0%A4%B0%E0%A4%BF%E0%A4%AF%E0%A4%BE",
        "last_updated": "2026-08",
        "last_verified": "2026-08 via systematic search - negative for historic kotha",
        "story": "Systematic search across Hindi and English news, High Court PILs, NGO reports and Wikipedia for this district returned no historic kotha bazaar or hereditary village. The only pattern in recent years is scattered hotel/spa OYO raids that local news sometimes labels as 'red light area' - the same dispersed pattern seen across UP after classic bazaars declined. This point is mapped as low-evidence generic hotel/spa belt at district centroid to show that dispersal, not a verified bazaar.",
        "notes": "District centroid only. Low evidence - generic pattern, not a historic bazaar. Hide via filter if you want verified only."
      }
    },
    {
      "type": "Feature",
      "geometry": {
        "type": "Point",
        "coordinates": [
          82.5870909090909,
          24.978954545454545
        ]
      },
      "properties": {
        "slug": "mirzapur-generic",
        "district": "Mirzapur",
        "area_name": "Hotels / spas near highway / bus stand (generic pattern)",
        "type": "Dispersed hotel/spa - low evidence",
        "reliability": "low",
        "source": "Generic OYO/hotel/spa raid pattern - systematic Hindi+English search found no historic bazaar, no PIL, no NGO record",
        "source_url": "https://hi.wikipedia.org/wiki/%E0%A4%B0%E0%A5%87%E0%A4%A1_%E0%A4%B2%E0%A4%BE%E0%A4%87%E0%A4%9F_%E0%A4%8F%E0%A4%B0%E0%A4%BF%E0%A4%AF%E0%A4%BE",
        "last_updated": "2026-08",
        "last_verified": "2026-08 via systematic search - negative for historic kotha",
        "story": "Systematic search across Hindi and English news, High Court PILs, NGO reports and Wikipedia for this district returned no historic kotha bazaar or hereditary village. The only pattern in recent years is scattered hotel/spa OYO raids that local news sometimes labels as 'red light area' - the same dispersed pattern seen across UP after classic bazaars declined. This point is mapped as low-evidence generic hotel/spa belt at district centroid to show that dispersal, not a verified bazaar.",
        "notes": "District centroid only. Low evidence - generic pattern, not a historic bazaar. Hide via filter if you want verified only."
      }
    },
    {
      "type": "Feature",
      "geometry": {
        "type": "Point",
        "coordinates": [
          78.58773913043478,
          24.67404347826087
        ]
      },
      "properties": {
        "slug": "lalitpur-generic",
        "district": "Lalitpur",
        "area_name": "Hotels / spas near highway / bus stand (generic pattern)",
        "type": "Dispersed hotel/spa - low evidence",
        "reliability": "low",
        "source": "Generic OYO/hotel/spa raid pattern - systematic Hindi+English search found no historic bazaar, no PIL, no NGO record",
        "source_url": "https://hi.wikipedia.org/wiki/%E0%A4%B0%E0%A5%87%E0%A4%A1_%E0%A4%B2%E0%A4%BE%E0%A4%87%E0%A4%9F_%E0%A4%8F%E0%A4%B0%E0%A4%BF%E0%A4%AF%E0%A4%BE",
        "last_updated": "2026-08",
        "last_verified": "2026-08 via systematic search - negative for historic kotha",
        "story": "Systematic search across Hindi and English news, High Court PILs, NGO reports and Wikipedia for this district returned no historic kotha bazaar or hereditary village. The only pattern in recent years is scattered hotel/spa OYO raids that local news sometimes labels as 'red light area' - the same dispersed pattern seen across UP after classic bazaars declined. This point is mapped as low-evidence generic hotel/spa belt at district centroid to show that dispersal, not a verified bazaar.",
        "notes": "District centroid only. Low evidence - generic pattern, not a historic bazaar. Hide via filter if you want verified only."
      }
    },
    {
      "type": "Feature",
      "geometry": {
        "type": "Point",
        "coordinates": [
          83.0273448275862,
          24.481896551724137
        ]
      },
      "properties": {
        "slug": "sonbhadra-generic",
        "district": "Sonbhadra",
        "area_name": "Hotels / spas near highway / bus stand (generic pattern)",
        "type": "Dispersed hotel/spa - low evidence",
        "reliability": "low",
        "source": "Generic OYO/hotel/spa raid pattern - systematic Hindi+English search found no historic bazaar, no PIL, no NGO record",
        "source_url": "https://hi.wikipedia.org/wiki/%E0%A4%B0%E0%A5%87%E0%A4%A1_%E0%A4%B2%E0%A4%BE%E0%A4%87%E0%A4%9F_%E0%A4%8F%E0%A4%B0%E0%A4%BF%E0%A4%AF%E0%A4%BE",
        "last_updated": "2026-08",
        "last_verified": "2026-08 via systematic search - negative for historic kotha",
        "story": "Systematic search across Hindi and English news, High Court PILs, NGO reports and Wikipedia for this district returned no historic kotha bazaar or hereditary village. The only pattern in recent years is scattered hotel/spa OYO raids that local news sometimes labels as 'red light area' - the same dispersed pattern seen across UP after classic bazaars declined. This point is mapped as low-evidence generic hotel/spa belt at district centroid to show that dispersal, not a verified bazaar.",
        "notes": "District centroid only. Low evidence - generic pattern, not a historic bazaar. Hide via filter if you want verified only."
      }
    },
    {
      "type": "Feature",
      "geometry": {
        "type": "Point",
        "coordinates": [
          81.63550000000001,
          26.308333333333334
        ]
      },
      "properties": {
        "slug": "amethi-generic",
        "district": "Amethi",
        "area_name": "Hotels / spas near highway / bus stand (generic pattern)",
        "type": "Dispersed hotel/spa - low evidence",
        "reliability": "low",
        "source": "Generic OYO/hotel/spa raid pattern - systematic Hindi+English search found no historic bazaar, no PIL, no NGO record",
        "source_url": "https://hi.wikipedia.org/wiki/%E0%A4%B0%E0%A5%87%E0%A4%A1_%E0%A4%B2%E0%A4%BE%E0%A4%87%E0%A4%9F_%E0%A4%8F%E0%A4%B0%E0%A4%BF%E0%A4%AF%E0%A4%BE",
        "last_updated": "2026-08",
        "last_verified": "2026-08 via systematic search - negative for historic kotha",
        "story": "Systematic search across Hindi and English news, High Court PILs, NGO reports and Wikipedia for this district returned no historic kotha bazaar or hereditary village. The only pattern in recent years is scattered hotel/spa OYO raids that local news sometimes labels as 'red light area' - the same dispersed pattern seen across UP after classic bazaars declined. This point is mapped as low-evidence generic hotel/spa belt at district centroid to show that dispersal, not a verified bazaar.",
        "notes": "District centroid only. Low evidence - generic pattern, not a historic bazaar. Hide via filter if you want verified only."
      }
    },
    {
      "type": "Feature",
      "geometry": {
        "type": "Point",
        "coordinates": [
          78.51615384615386,
          28.475692307692306
        ]
      },
      "properties": {
        "slug": "sambhal-generic",
        "district": "Sambhal",
        "area_name": "Hotels / spas near highway / bus stand (generic pattern)",
        "type": "Dispersed hotel/spa - low evidence",
        "reliability": "low",
        "source": "Generic OYO/hotel/spa raid pattern - systematic Hindi+English search found no historic bazaar, no PIL, no NGO record",
        "source_url": "https://hi.wikipedia.org/wiki/%E0%A4%B0%E0%A5%87%E0%A4%A1_%E0%A4%B2%E0%A4%BE%E0%A4%87%E0%A4%9F_%E0%A4%8F%E0%A4%B0%E0%A4%BF%E0%A4%AF%E0%A4%BE",
        "last_updated": "2026-08",
        "last_verified": "2026-08 via systematic search - negative for historic kotha",
        "story": "Systematic search across Hindi and English news, High Court PILs, NGO reports and Wikipedia for this district returned no historic kotha bazaar or hereditary village. The only pattern in recent years is scattered hotel/spa OYO raids that local news sometimes labels as 'red light area' - the same dispersed pattern seen across UP after classic bazaars declined. This point is mapped as low-evidence generic hotel/spa belt at district centroid to show that dispersal, not a verified bazaar.",
        "notes": "District centroid only. Low evidence - generic pattern, not a historic bazaar. Hide via filter if you want verified only."
      }
    },
    {
      "type": "Feature",
      "geometry": {
        "type": "Point",
        "coordinates": [
          79.69023529411764,
          25.33841176470588
        ]
      },
      "properties": {
        "slug": "mahoba-generic",
        "district": "Mahoba",
        "area_name": "Hotels / spas near highway / bus stand (generic pattern)",
        "type": "Dispersed hotel/spa - low evidence",
        "reliability": "low",
        "source": "Generic OYO/hotel/spa raid pattern - systematic Hindi+English search found no historic bazaar, no PIL, no NGO record",
        "source_url": "https://hi.wikipedia.org/wiki/%E0%A4%B0%E0%A5%87%E0%A4%A1_%E0%A4%B2%E0%A4%BE%E0%A4%87%E0%A4%9F_%E0%A4%8F%E0%A4%B0%E0%A4%BF%E0%A4%AF%E0%A4%BE",
        "last_updated": "2026-08",
        "last_verified": "2026-08 via systematic search - negative for historic kotha",
        "story": "Systematic search across Hindi and English news, High Court PILs, NGO reports and Wikipedia for this district returned no historic kotha bazaar or hereditary village. The only pattern in recent years is scattered hotel/spa OYO raids that local news sometimes labels as 'red light area' - the same dispersed pattern seen across UP after classic bazaars declined. This point is mapped as low-evidence generic hotel/spa belt at district centroid to show that dispersal, not a verified bazaar.",
        "notes": "District centroid only. Low evidence - generic pattern, not a historic bazaar. Hide via filter if you want verified only."
      }
    },
    {
      "type": "Feature",
      "geometry": {
        "type": "Point",
        "coordinates": [
          78.42838095238096,
          29.350857142857144
        ]
      },
      "properties": {
        "slug": "bijnor-generic",
        "district": "Bijnor",
        "area_name": "Hotels / spas near highway / bus stand (generic pattern)",
        "type": "Dispersed hotel/spa - low evidence",
        "reliability": "low",
        "source": "Generic OYO/hotel/spa raid pattern - systematic Hindi+English search found no historic bazaar, no PIL, no NGO record",
        "source_url": "https://hi.wikipedia.org/wiki/%E0%A4%B0%E0%A5%87%E0%A4%A1_%E0%A4%B2%E0%A4%BE%E0%A4%87%E0%A4%9F_%E0%A4%8F%E0%A4%B0%E0%A4%BF%E0%A4%AF%E0%A4%BE",
        "last_updated": "2026-08",
        "last_verified": "2026-08 via systematic search - negative for historic kotha",
        "story": "Systematic search across Hindi and English news, High Court PILs, NGO reports and Wikipedia for this district returned no historic kotha bazaar or hereditary village. The only pattern in recent years is scattered hotel/spa OYO raids that local news sometimes labels as 'red light area' - the same dispersed pattern seen across UP after classic bazaars declined. This point is mapped as low-evidence generic hotel/spa belt at district centroid to show that dispersal, not a verified bazaar.",
        "notes": "District centroid only. Low evidence - generic pattern, not a historic bazaar. Hide via filter if you want verified only."
      }
    },
    {
      "type": "Feature",
      "geometry": {
        "type": "Point",
        "coordinates": [
          77.34341666666667,
          29.0545
        ]
      },
      "properties": {
        "slug": "baghpat-generic",
        "district": "Baghpat",
        "area_name": "Hotels / spas near highway / bus stand (generic pattern)",
        "type": "Dispersed hotel/spa - low evidence",
        "reliability": "low",
        "source": "Generic OYO/hotel/spa raid pattern - systematic Hindi+English search found no historic bazaar, no PIL, no NGO record",
        "source_url": "https://hi.wikipedia.org/wiki/%E0%A4%B0%E0%A5%87%E0%A4%A1_%E0%A4%B2%E0%A4%BE%E0%A4%87%E0%A4%9F_%E0%A4%8F%E0%A4%B0%E0%A4%BF%E0%A4%AF%E0%A4%BE",
        "last_updated": "2026-08",
        "last_verified": "2026-08 via systematic search - negative for historic kotha",
        "story": "Systematic search across Hindi and English news, High Court PILs, NGO reports and Wikipedia for this district returned no historic kotha bazaar or hereditary village. The only pattern in recent years is scattered hotel/spa OYO raids that local news sometimes labels as 'red light area' - the same dispersed pattern seen across UP after classic bazaars declined. This point is mapped as low-evidence generic hotel/spa belt at district centroid to show that dispersal, not a verified bazaar.",
        "notes": "District centroid only. Low evidence - generic pattern, not a historic bazaar. Hide via filter if you want verified only."
      }
    },
    {
      "type": "Feature",
      "geometry": {
        "type": "Point",
        "coordinates": [
          79.1170625,
          28.798125
        ]
      },
      "properties": {
        "slug": "rampur-generic",
        "district": "Rampur",
        "area_name": "Hotels / spas near highway / bus stand (generic pattern)",
        "type": "Dispersed hotel/spa - low evidence",
        "reliability": "low",
        "source": "Generic OYO/hotel/spa raid pattern - systematic Hindi+English search found no historic bazaar, no PIL, no NGO record",
        "source_url": "https://hi.wikipedia.org/wiki/%E0%A4%B0%E0%A5%87%E0%A4%A1_%E0%A4%B2%E0%A4%BE%E0%A4%87%E0%A4%9F_%E0%A4%8F%E0%A4%B0%E0%A4%BF%E0%A4%AF%E0%A4%BE",
        "last_updated": "2026-08",
        "last_verified": "2026-08 via systematic search - negative for historic kotha",
        "story": "Systematic search across Hindi and English news, High Court PILs, NGO reports and Wikipedia for this district returned no historic kotha bazaar or hereditary village. The only pattern in recent years is scattered hotel/spa OYO raids that local news sometimes labels as 'red light area' - the same dispersed pattern seen across UP after classic bazaars declined. This point is mapped as low-evidence generic hotel/spa belt at district centroid to show that dispersal, not a verified bazaar.",
        "notes": "District centroid only. Low evidence - generic pattern, not a historic bazaar. Hide via filter if you want verified only."
      }
    },
    {
      "type": "Feature",
      "geometry": {
        "type": "Point",
        "coordinates": [
          77.24766666666667,
          29.50733333333333
        ]
      },
      "properties": {
        "slug": "shamli-generic",
        "district": "Shamli",
        "area_name": "Hotels / spas near highway / bus stand (generic pattern)",
        "type": "Dispersed hotel/spa - low evidence",
        "reliability": "low",
        "source": "Generic OYO/hotel/spa raid pattern - systematic Hindi+English search found no historic bazaar, no PIL, no NGO record",
        "source_url": "https://hi.wikipedia.org/wiki/%E0%A4%B0%E0%A5%87%E0%A4%A1_%E0%A4%B2%E0%A4%BE%E0%A4%87%E0%A4%9F_%E0%A4%8F%E0%A4%B0%E0%A4%BF%E0%A4%AF%E0%A4%BE",
        "last_updated": "2026-08",
        "last_verified": "2026-08 via systematic search - negative for historic kotha",
        "story": "Systematic search across Hindi and English news, High Court PILs, NGO reports and Wikipedia for this district returned no historic kotha bazaar or hereditary village. The only pattern in recent years is scattered hotel/spa OYO raids that local news sometimes labels as 'red light area' - the same dispersed pattern seen across UP after classic bazaars declined. This point is mapped as low-evidence generic hotel/spa belt at district centroid to show that dispersal, not a verified bazaar.",
        "notes": "District centroid only. Low evidence - generic pattern, not a historic bazaar. Hide via filter if you want verified only."
      }
    },
    {
      "type": "Feature",
      "geometry": {
        "type": "Point",
        "coordinates": [
          82.39277777777778,
          27.414166666666667
        ]
      },
      "properties": {
        "slug": "balrampur-generic",
        "district": "Balrampur",
        "area_name": "Hotels / spas near highway / bus stand (generic pattern)",
        "type": "Dispersed hotel/spa - low evidence",
        "reliability": "low",
        "source": "Generic OYO/hotel/spa raid pattern - systematic Hindi+English search found no historic bazaar, no PIL, no NGO record",
        "source_url": "https://hi.wikipedia.org/wiki/%E0%A4%B0%E0%A5%87%E0%A4%A1_%E0%A4%B2%E0%A4%BE%E0%A4%87%E0%A4%9F_%E0%A4%8F%E0%A4%B0%E0%A4%BF%E0%A4%AF%E0%A4%BE",
        "last_updated": "2026-08",
        "last_verified": "2026-08 via systematic search - negative for historic kotha",
        "story": "Systematic search across Hindi and English news, High Court PILs, NGO reports and Wikipedia for this district returned no historic kotha bazaar or hereditary village. The only pattern in recent years is scattered hotel/spa OYO raids that local news sometimes labels as 'red light area' - the same dispersed pattern seen across UP after classic bazaars declined. This point is mapped as low-evidence generic hotel/spa belt at district centroid to show that dispersal, not a verified bazaar.",
        "notes": "District centroid only. Low evidence - generic pattern, not a historic bazaar. Hide via filter if you want verified only."
      }
    },
    {
      "type": "Feature",
      "geometry": {
        "type": "Point",
        "coordinates": [
          79.90934999999999,
          25.81345
        ]
      },
      "properties": {
        "slug": "hamirpur-generic",
        "district": "Hamirpur",
        "area_name": "Hotels / spas near highway / bus stand (generic pattern)",
        "type": "Dispersed hotel/spa - low evidence",
        "reliability": "low",
        "source": "Generic OYO/hotel/spa raid pattern - systematic Hindi+English search found no historic bazaar, no PIL, no NGO record",
        "source_url": "https://hi.wikipedia.org/wiki/%E0%A4%B0%E0%A5%87%E0%A4%A1_%E0%A4%B2%E0%A4%BE%E0%A4%87%E0%A4%9F_%E0%A4%8F%E0%A4%B0%E0%A4%BF%E0%A4%AF%E0%A4%BE",
        "last_updated": "2026-08",
        "last_verified": "2026-08 via systematic search - negative for historic kotha",
        "story": "Systematic search across Hindi and English news, High Court PILs, NGO reports and Wikipedia for this district returned no historic kotha bazaar or hereditary village. The only pattern in recent years is scattered hotel/spa OYO raids that local news sometimes labels as 'red light area' - the same dispersed pattern seen across UP after classic bazaars declined. This point is mapped as low-evidence generic hotel/spa belt at district centroid to show that dispersal, not a verified bazaar.",
        "notes": "District centroid only. Low evidence - generic pattern, not a historic bazaar. Hide via filter if you want verified only."
      }
    },
    {
      "type": "Feature",
      "geometry": {
        "type": "Point",
        "coordinates": [
          81.8555652173913,
          25.865695652173915
        ]
      },
      "properties": {
        "slug": "pratapgarh-generic",
        "district": "Pratapgarh",
        "area_name": "Hotels / spas near highway / bus stand (generic pattern)",
        "type": "Dispersed hotel/spa - low evidence",
        "reliability": "low",
        "source": "Generic OYO/hotel/spa raid pattern - systematic Hindi+English search found no historic bazaar, no PIL, no NGO record",
        "source_url": "https://hi.wikipedia.org/wiki/%E0%A4%B0%E0%A5%87%E0%A4%A1_%E0%A4%B2%E0%A4%BE%E0%A4%87%E0%A4%9F_%E0%A4%8F%E0%A4%B0%E0%A4%BF%E0%A4%AF%E0%A4%BE",
        "last_updated": "2026-08",
        "last_verified": "2026-08 via systematic search - negative for historic kotha",
        "story": "Systematic search across Hindi and English news, High Court PILs, NGO reports and Wikipedia for this district returned no historic kotha bazaar or hereditary village. The only pattern in recent years is scattered hotel/spa OYO raids that local news sometimes labels as 'red light area' - the same dispersed pattern seen across UP after classic bazaars declined. This point is mapped as low-evidence generic hotel/spa belt at district centroid to show that dispersal, not a verified bazaar.",
        "notes": "District centroid only. Low evidence - generic pattern, not a historic bazaar. Hide via filter if you want verified only."
      }
    }
  ]
}